sim_success,False
collision_agents,[1 3]
t,"[0.   ,0.005,0.01 ,0.015,0.02 ,0.025,0.03 ,0.035,0.04 ,0.045,0.05 ,0.055,
 0.06 ,0.065,0.07 ,0.075,0.08 ,0.085,0.09 ,0.095,0.1  ,0.105,0.11 ,0.115,
 0.12 ,0.125,0.13 ,0.135,0.14 ,0.145,0.15 ,0.155,0.16 ,0.165,0.17 ,0.175,
 0.18 ,0.185,0.19 ,0.195,0.2  ,0.205,0.21 ,0.215,0.22 ,0.225,0.23 ,0.235,
 0.24 ,0.245,0.25 ,0.255,0.26 ,0.265,0.27 ,0.275,0.28 ,0.285,0.29 ,0.295,
 0.3  ,0.305,0.31 ,0.315,0.32 ,0.325,0.33 ,0.335,0.34 ,0.345,0.35 ,0.355,
 0.36 ,0.365,0.37 ,0.375,0.38 ,0.385,0.39 ,0.395,0.4  ,0.405,0.41 ,0.415,
 0.42 ,0.425,0.43 ,0.435,0.44 ,0.445,0.45 ,0.455,0.46 ,0.465,0.47 ,0.475,
 0.48 ,0.485,0.49 ,0.495,0.5  ,0.505,0.51 ,0.515,0.52 ,0.525,0.53 ,0.535,
 0.54 ,0.545,0.55 ,0.555,0.56 ,0.565,0.57 ,0.575,0.58 ,0.585,0.59 ,0.595,
 0.6  ,0.605,0.61 ,0.615,0.62 ,0.625,0.63 ,0.635,0.64 ,0.645,0.65 ,0.655,
 0.66 ,0.665,0.67 ,0.675,0.68 ,0.685,0.69 ,0.695,0.7  ,0.705,0.71 ,0.715,
 0.72 ,0.725,0.73 ,0.735,0.74 ,0.745,0.75 ,0.755,0.76 ,0.765,0.77 ,0.775,
 0.78 ,0.785,0.79 ,0.795,0.8  ,0.805,0.81 ,0.815,0.82 ,0.825,0.83 ,0.835,
 0.84 ,0.845,0.85 ,0.855,0.86 ,0.865,0.87 ,0.875,0.88 ,0.885,0.89 ,0.895,
 0.9  ,0.905,0.91 ,0.915,0.92 ,0.925,0.93 ,0.935,0.94 ,0.945,0.95 ,0.955,
 0.96 ,0.965,0.97 ,0.975,0.98 ,0.985,0.99 ,0.995,1.   ,1.005,1.01 ,1.015,
 1.02 ,1.025,1.03 ,1.035,1.04 ,1.045,1.05 ,1.055,1.06 ,1.065,1.07 ,1.075,
 1.08 ,1.085,1.09 ,1.095,1.1  ,1.105,1.11 ,1.115,1.12 ,1.125,1.13 ,1.135,
 1.14 ,1.145,1.15 ,1.155,1.16 ,1.165,1.17 ,1.175,1.18 ,1.185,1.19 ,1.195,
 1.2  ,1.205]"
agent_count,3
x1,"[[336.        ,  0.        ,  0.        , 18.        ,  0.        ,
    0.        ,  0.        ],
 [336.09      ,  0.        , -0.001     , 18.        ,  0.        ,
    0.        ,  0.00020417],
 [336.17999995, -0.00009   , -0.002     , 18.        ,  0.00002348,
    0.00019566,  0.00043916],
 [336.26999969, -0.00026988, -0.00299902, 17.99999997,  0.00005607,
    0.00061392,  0.00051936],
 [336.35999901, -0.00053951, -0.00399594, 17.99999994,  0.00005983,
    0.00110347,  0.00055963],
 [336.44999775, -0.00089885, -0.00499041, 17.99999991,  0.00002411,
    0.00162509,  0.00059991],
 [336.53999573, -0.00134786, -0.00598226, 17.99999987, -0.00005346,
    0.00217837,  0.0006402 ],
 [336.62999277, -0.00188653, -0.00697134, 17.99999982, -0.00017521,
    0.00276291,  0.0006805 ],
 [336.71998869, -0.00251482, -0.00795748, 17.99999977, -0.00034338,
    0.00337828,  0.00072078],
 [336.80998331, -0.0032327 , -0.00894053, 17.9999997 , -0.00056014,
    0.00402406,  0.00076106],
 [336.89997646, -0.00404014, -0.00992033, 17.99999962, -0.00082763,
    0.00469985,  0.00080132],
 [336.98996795, -0.00493709, -0.01089674, 17.99999953, -0.00114789,
    0.00540523,  0.00084156],
 [337.0799576 , -0.00592352, -0.01186959, 17.99999941, -0.00152291,
    0.00613978,  0.00088177],
 [337.16994525, -0.00699937, -0.01283876, 17.99999927, -0.00195463,
    0.00690308,  0.00092195],
 [337.2599307 , -0.0081646 , -0.01380408, 17.99999909, -0.00244491,
    0.00769473,  0.00096209],
 [337.34991379, -0.00941915, -0.01476542, 17.99999888, -0.00299555,
    0.00851431,  0.00100218],
 [337.43989434, -0.01076297, -0.01572263, 17.99999861, -0.00360832,
    0.00936141,  0.00104223],
 [337.52987216, -0.01219599, -0.01667558, 17.99999828, -0.00428488,
    0.01023561,  0.00108223],
 [337.61984709, -0.01371814, -0.01762412, 17.99999787, -0.00502688,
    0.01113651,  0.00112216],
 [337.70981895, -0.01532936, -0.01856813, 17.99999738, -0.00583588,
    0.01206368,  0.00116203],
 [337.79978755, -0.01702957, -0.01950746, 17.99999679, -0.00671341,
    0.01301672,  0.00120184],
 [337.88975274, -0.01881869, -0.02044199, 17.99999608, -0.00766092,
    0.01399523,  0.00124157],
 [337.97971432, -0.02069664, -0.02137159, 17.99999522, -0.00867982,
    0.01499878,  0.00128122],
 [338.06967213, -0.02266332, -0.02229612, 17.9999942 , -0.00977146,
    0.01602698,  0.00132079],
 [338.15962599, -0.02471865, -0.02321548, 17.999993  , -0.01093714,
    0.01707941,  0.00136027],
 [338.24957573, -0.02686253, -0.02412952, 17.99999158, -0.01217811,
    0.01815567,  0.00139966],
 [338.33952117, -0.02909484, -0.02503814, 17.99998992, -0.01349555,
    0.01925535,  0.00143895],
 [338.42946215, -0.0314155 , -0.0259412 , 17.99998798, -0.0148906 ,
    0.02037805,  0.00147814],
 [338.51939848, -0.03382437, -0.02683861, 17.99998573, -0.01636437,
    0.02152336,  0.00151723],
 [338.60933   , -0.03632134, -0.02773023, 17.99998313, -0.01791789,
    0.02269089,  0.0015562 ],
 [338.69925654, -0.0389063 , -0.02861596, 17.99998014, -0.01955216,
    0.02388023,  0.00159506],
 [338.78917793, -0.0415791 , -0.02949568, 17.99997671, -0.02126811,
    0.02509097,  0.0016338 ],
 [338.87909399, -0.04433962, -0.0303693 , 17.9999728 , -0.02306665,
    0.02632273,  0.00167242],
 [338.96900455, -0.04718771, -0.03123669, 17.99996835, -0.02494862,
    0.02757511,  0.00171092],
 [339.05890946, -0.05012323, -0.03209776, 17.99996331, -0.02691483,
    0.02884771,  0.00174928],
 [339.14880853, -0.05314603, -0.0329524 , 17.99995762, -0.02896604,
    0.03014013,  0.00178751],
 [339.2387016 , -0.05625596, -0.03380051, 17.99995121, -0.03110296,
    0.03145198,  0.0018256 ],
 [339.32858851, -0.05945284, -0.03464199, 17.99994402, -0.03332626,
    0.03278287,  0.00186354],
 [339.41846909, -0.06273652, -0.03547675, 17.99993597, -0.03563657,
    0.03413241,  0.00190134],
 [339.50834317, -0.06610681, -0.03630469, 17.99992699, -0.03803447,
    0.03550022,  0.00193899],
 [339.59821059, -0.06956355, -0.03712571, 17.99991699, -0.04052049,
    0.03688589,  0.00197649],
 [339.68807118, -0.07310655, -0.03793974, 17.9999059 , -0.04309515,
    0.03828906,  0.00201383],
 [339.77792478, -0.07673561, -0.03874666, 17.99989361, -0.04575889,
    0.03970934,  0.002051  ],
 [339.86777123, -0.08045054, -0.03954641, 17.99988005, -0.04851215,
    0.04114634,  0.00208802],
 [339.95761037, -0.08425113, -0.04033889, 17.99986509, -0.05135529,
    0.04259968,  0.00212486],
 [340.04744203, -0.08813719, -0.04112402, 17.99984865, -0.05428867,
    0.04406899,  0.00216154],
 [340.13726606, -0.09210849, -0.04190172, 17.9998306 , -0.05731258,
    0.04555388,  0.00219804],
 [340.22708229, -0.09616482, -0.04267191, 17.99981084, -0.06042728,
    0.04705399,  0.00223436],
 [340.31689057, -0.10030595, -0.04343451, 17.99978924, -0.06363302,
    0.04856895,  0.0022705 ],
 [340.40669074, -0.10453164, -0.04418945, 17.99976567, -0.06692997,
    0.05009837,  0.00230646],
 [340.49648264, -0.10884167, -0.04493664, 17.99974   , -0.0703183 ,
    0.0516419 ,  0.00234223],
 [340.58626611, -0.11323578, -0.04567603, 17.9997121 , -0.07379813,
    0.05319916,  0.00237781],
 [340.676041  , -0.11771374, -0.04640753, 17.99968181, -0.07736954,
    0.0547698 ,  0.0024132 ],
 [340.76580716, -0.12227527, -0.04713108, 17.99964899, -0.0810326 ,
    0.05635344,  0.0024484 ],
 [340.85556443, -0.12692013, -0.04784662, 17.99961349, -0.08478732,
    0.05794972,  0.00248339],
 [340.94531266, -0.13164804, -0.04855407, 17.99957514, -0.08863369,
    0.0595583 ,  0.00251818],
 [341.0350517 , -0.13645874, -0.04925338, 17.99953378, -0.09257166,
    0.0611788 ,  0.00255277],
 [341.12478139, -0.14135193, -0.04994448, 17.99948922, -0.09660116,
    0.06281089,  0.00258716],
 [341.21450159, -0.14632734, -0.05062732, 17.99944129, -0.10072209,
    0.0644542 ,  0.00262133],
 [341.30421214, -0.15138468, -0.05130183, 17.99938981, -0.10493431,
    0.06610838,  0.00265529],
 [341.3939129 , -0.15652364, -0.05196797, 17.99933458, -0.10923765,
    0.06777309,  0.00268904],
 [341.48360372, -0.16174393, -0.05262567, 17.9992754 , -0.11363192,
    0.06944799,  0.00272257],
 [341.57328444, -0.16704524, -0.05327488, 17.99921207, -0.11811689,
    0.07113272,  0.00275588],
 [341.66295494, -0.17242725, -0.05391555, 17.99914437, -0.12269232,
    0.07282695,  0.00278897],
 [341.75261505, -0.17788964, -0.05454764, 17.99907209, -0.12735792,
    0.07453034,  0.00282184],
 [341.84226464, -0.18343208, -0.0551711 , 17.998995  , -0.13211339,
    0.07624255,  0.00285448],
 [341.93190357, -0.18905424, -0.05578587, 17.99891287, -0.1369584 ,
    0.07796325,  0.00288689],
 [342.02153168, -0.19475579, -0.05639192, 17.99882547, -0.14189258,
    0.07969211,  0.00291908],
 [342.11114884, -0.20053638, -0.05698921, 17.99873255, -0.14691556,
    0.0814288 ,  0.00295103],
 [342.2007549 , -0.20639566, -0.05757769, 17.99863386, -0.15202693,
    0.08317299,  0.00298275],
 [342.29034973, -0.21233327, -0.05815732, 17.99852914, -0.15722625,
    0.08492435,  0.00301423],
 [342.37993318, -0.21834885, -0.05872807, 17.99841814, -0.16251308,
    0.08668258,  0.00304547],
 [342.46950512, -0.22444204, -0.0592899 , 17.99830058, -0.16788692,
    0.08844733,  0.00307648],
 [342.55906541, -0.23061246, -0.05984278, 17.99817618, -0.17334728,
    0.09021831,  0.00310724],
 [342.64861391, -0.23685974, -0.06038667, 17.99804467, -0.17889363,
    0.0919952 ,  0.00313776],
 [342.73815049, -0.24318348, -0.06092155, 17.99790575, -0.18452543,
    0.09377767,  0.00316804],
 [342.827675  , -0.24958331, -0.06144738, 17.99775914, -0.1902421 ,
    0.09556543,  0.00319807],
 [342.91718732, -0.25605882, -0.06196413, 17.99760452, -0.19604307,
    0.09735817,  0.00322785],
 [343.00668731, -0.26260962, -0.06247178, 17.9974416 , -0.20192772,
    0.09915559,  0.00325738],
 [343.09617483, -0.26923529, -0.06297031, 17.99727006, -0.20789542,
    0.10095737,  0.00328666],
 [343.18564975, -0.27593543, -0.06345969, 17.99708957, -0.21394552,
    0.10276323,  0.00331569],
 [343.27511194, -0.28270962, -0.0639399 , 17.99689983, -0.22007736,
    0.10457287,  0.00334447],
 [343.36456127, -0.28955744, -0.06441091, 17.99670048, -0.22629025,
    0.10638598,  0.00337299],
 [343.4539976 , -0.29647846, -0.06487272, 17.99649121, -0.23258349,
    0.1082023 ,  0.00340125],
 [343.54342081, -0.30347224, -0.0653253 , 17.99627166, -0.23895635,
    0.11002151,  0.00342926],
 [343.63283077, -0.31053836, -0.06576864, 17.99604149, -0.2454081 ,
    0.11184334,  0.00345701],
 [343.72222734, -0.31767636, -0.06620272, 17.99580033, -0.25193798,
    0.11366751,  0.0034845 ],
 [343.81161041, -0.32488579, -0.06662752, 17.99554784, -0.25854522,
    0.11549373,  0.00351173],
 [343.90097983, -0.33216621, -0.06704305, 17.99528365, -0.26522902,
    0.11732173,  0.00353869],
 [343.99033548, -0.33951715, -0.06744928, 17.99500739, -0.2719886 ,
    0.11915123,  0.0035654 ],
 [344.07967723, -0.34693815, -0.06784621, 17.99471868, -0.27882312,
    0.12098195,  0.00359184],
 [344.16900497, -0.35442874, -0.06823383, 17.99441714, -0.28573175,
    0.12281364,  0.00361801],
 [344.25831855, -0.36198846, -0.06861214, 17.99410239, -0.29271366,
    0.12464602,  0.00364392],
 [344.34761787, -0.36961681, -0.06898112, 17.99377403, -0.29976796,
    0.12647883,  0.00366957],
 [344.43690278, -0.37731332, -0.06934078, 17.99343168, -0.3068938 ,
    0.1283118 ,  0.00369495],
 [344.52617316, -0.38507749, -0.06969112, 17.99307493, -0.31409027,
    0.13014468,  0.00372006],
 [344.6154289 , -0.39290884, -0.07003212, 17.99270337, -0.32135649,
    0.13197721,  0.0037449 ],
 [344.70466987, -0.40080688, -0.0703638 , 17.99231661, -0.32869153,
    0.13380914,  0.00376947],
 [344.79389593, -0.40877108, -0.07068616, 17.99191423, -0.33609447,
    0.13564021,  0.00379377],
 [344.88310698, -0.41680096, -0.07099919, 17.9914958 , -0.34356437,
    0.13747019,  0.00381781],
 [344.97230288, -0.424896  , -0.07130291, 17.99106092, -0.35110029,
    0.13929881,  0.00384157],
 [345.06148352, -0.43305568, -0.07159731, 17.99060915, -0.35870126,
    0.14112585,  0.00386506],
 [345.15064877, -0.44127949, -0.0718824 , 17.99014008, -0.36636631,
    0.14295106,  0.00388828],
 [345.2397985 , -0.44956689, -0.0721582 , 17.98965327, -0.37409447,
    0.1447742 ,  0.00391123],
 [345.3289326 , -0.45791737, -0.07242471, 17.98914828, -0.38188473,
    0.14659504,  0.0039339 ],
 [345.41805095, -0.46633039, -0.07268194, 17.98862467, -0.38973611,
    0.14841334,  0.00395631],
 [345.50715342, -0.47480541, -0.0729299 , 17.98808202, -0.39764759,
    0.15022889,  0.00397844],
 [345.59623989, -0.4833419 , -0.0731686 , 17.98751987, -0.40561816,
    0.15204144,  0.00400029],
 [345.68531024, -0.4919393 , -0.07339807, 17.98693779, -0.41364678,
    0.15385079,  0.00402188],
 [345.77436435, -0.50059707, -0.0736183 , 17.98633531, -0.42173243,
    0.1556567 ,  0.00404319],
 [345.8634021 , -0.50931466, -0.07382933, 17.985712  , -0.42987405,
    0.15745896,  0.00406423],
 [345.95242336, -0.51809151, -0.07403116, 17.9850674 , -0.4380706 ,
    0.15925736,  0.00408499],
 [346.04142802, -0.52692706, -0.07422381, 17.98440106, -0.44632102,
    0.16105168,  0.00410548],
 [346.13041595, -0.53582075, -0.07440731, 17.98371252, -0.45462425,
    0.1628417 ,  0.0041257 ],
 [346.21938704, -0.54477201, -0.07458167, 17.98300133, -0.46297921,
    0.16462724,  0.00414564],
 [346.30834116, -0.55378027, -0.07474691, 17.98226702, -0.47138483,
    0.16640807,  0.00416531],
 [346.39727819, -0.56284495, -0.07490306, 17.98150915, -0.47984002,
    0.168184  ,  0.00418471],
 [346.48619801, -0.57196548, -0.07505014, 17.98072724, -0.48834369,
    0.16995483,  0.00420383],
 [346.57510051, -0.58114127, -0.07518817, 17.97992084, -0.49689474,
    0.17172036,  0.00422268],
 [346.66398555, -0.59037174, -0.07531718, 17.97908949, -0.50549209,
    0.17348039,  0.00424126],
 [346.75285302, -0.59965631, -0.07543719, 17.97823273, -0.51413461,
    0.17523475,  0.00425956],
 [346.84170279, -0.60899438, -0.07554824, 17.97735009, -0.5228212 ,
    0.17698323,  0.00427759],
 [346.93053476, -0.61838536, -0.07565034, 17.97644112, -0.53155074,
    0.17872566,  0.00429535],
 [347.01934878, -0.62782864, -0.07574354, 17.97550535, -0.54032212,
    0.18046184,  0.00431284],
 [347.10814475, -0.63732364, -0.07582785, 17.97454232, -0.54913421,
    0.18219161,  0.00433006],
 [347.19692254, -0.64686975, -0.07590331, 17.97355157, -0.55798589,
    0.18391477,  0.00434701],
 [347.28568203, -0.65646636, -0.07596996, 17.97253265, -0.56687602,
    0.18563116,  0.00436368],
 [347.3744231 , -0.66611286, -0.07602781, 17.9714851 , -0.57580347,
    0.18734061,  0.00438009],
 [347.46314562, -0.67580865, -0.07607691, 17.97040846, -0.58476712,
    0.18904294,  0.00439622],
 [347.55184947, -0.6855531 , -0.0761173 , 17.96930227, -0.59376581,
    0.19073798,  0.00441209],
 [347.64053453, -0.6953456 , -0.076149  , 17.96816609, -0.60279841,
    0.19242557,  0.00442769],
 [347.72920068, -0.70518554, -0.07617205, 17.96699945, -0.61186378,
    0.19410556,  0.00444302],
 [347.81784778, -0.71507229, -0.07618649, 17.96580193, -0.62096077,
    0.19577777,  0.00445808],
 [347.90647573, -0.72500522, -0.07619236, 17.96457305, -0.63008823,
    0.19744205,  0.00447287],
 [347.9950844 , -0.73498372, -0.07618969, 17.9633124 , -0.63924502,
    0.19909825,  0.0044874 ],
 [348.08367365, -0.74500715, -0.07617852, 17.96201951, -0.64842999,
    0.20074622,  0.00450167],
 [348.17224337, -0.75507488, -0.0761589 , 17.96069396, -0.65764199,
    0.20238581,  0.00451567],
 [348.26079344, -0.76518629, -0.07613086, 17.95933531, -0.66687987,
    0.20401686,  0.0045294 ],
 [348.34932372, -0.77534072, -0.07609444, 17.95794312, -0.67614247,
    0.20563924,  0.00454287],
 [348.43783409, -0.78553756, -0.0760497 , 17.95651697, -0.68542866,
    0.2072528 ,  0.00455608],
 [348.52632442, -0.79577615, -0.07599666, 17.95505644, -0.69473726,
    0.20885741,  0.00456903],
 [348.6147946 , -0.80605587, -0.07593537, 17.95356111, -0.70406714,
    0.21045292,  0.00458172],
 [348.70324448, -0.81637606, -0.07586588, 17.95203055, -0.71341715,
    0.21203921,  0.00459414],
 [348.79167396, -0.82673609, -0.07578824, 17.95046436, -0.72278613,
    0.21361614,  0.00460631],
 [348.88008289, -0.83713531, -0.07570248, 17.94886213, -0.73217294,
    0.21518357,  0.00461822],
 [348.96847115, -0.84757307, -0.07560865, 17.94722345, -0.74157642,
    0.2167414 ,  0.00462987],
 [349.05683861, -0.85804872, -0.07550681, 17.94554794, -0.75099543,
    0.21828948,  0.00464126],
 [349.14518515, -0.86856162, -0.07539699, 17.9438352 , -0.76042883,
    0.2198277 ,  0.0046524 ],
 [349.23351063, -0.87911111, -0.07527924, 17.94208483, -0.76987547,
    0.22135594,  0.00466329],
 [349.32181493, -0.88969654, -0.07515362, 17.94029647, -0.77933421,
    0.22287408,  0.00467392],
 [349.41009792, -0.90031726, -0.07502017, 17.93846973, -0.7888039 ,
    0.22438201,  0.0046843 ],
 [349.49835946, -0.91097261, -0.07487895, 17.93660424, -0.79828342,
    0.22587961,  0.00469443],
 [349.58659943, -0.92166194, -0.07472999, 17.93469964, -0.80777162,
    0.22736678,  0.0047043 ],
 [349.67481769, -0.93238459, -0.07457336, 17.93275558, -0.81726738,
    0.2288434 ,  0.00471393],
 [349.76301411, -0.9431399 , -0.07440911, 17.93077169, -0.82676956,
    0.23030937,  0.00472331],
 [349.85118857, -0.95392722, -0.07423727, 17.92874764, -0.83627703,
    0.23176458,  0.00473244],
 [349.93934093, -0.96474589, -0.07405792, 17.92668309, -0.84578868,
    0.23320895,  0.00474133],
 [350.02747105, -0.97559524, -0.0738711 , 17.92457771, -0.85530338,
    0.23464236,  0.00474997],
 [350.11557881, -0.98647461, -0.07367686, 17.92243117, -0.86482001,
    0.23606472,  0.00475837],
 [350.20366407, -0.99738335, -0.07347527, 17.92024315, -0.87433746,
    0.23747594,  0.00476653],
 [350.2917267 , -1.0083208 , -0.07326636, 17.91801335, -0.88385462,
    0.23887592,  0.00477444],
 [350.37976656, -1.01928628, -0.0730502 , 17.91574147, -0.89337038,
    0.24026458,  0.00478212],
 [350.46778352, -1.03027914, -0.07282684, 17.91342721, -0.90288365,
    0.24164183,  0.00478955],
 [350.55577745, -1.04129872, -0.07259635, 17.91107028, -0.91239332,
    0.24300759,  0.00479675],
 [350.6437482 , -1.05234436, -0.07235876, 17.90867041, -0.9218983 ,
    0.24436176,  0.00480372],
 [350.73169565, -1.06341538, -0.07211415, 17.90622733, -0.93139751,
    0.24570427,  0.00481044],
 [350.81961966, -1.07451113, -0.07186256, 17.90374077, -0.94088986,
    0.24703505,  0.00481694],
 [350.90752009, -1.08563094, -0.07160405, 17.90121048, -0.95037427,
    0.24835401,  0.0048232 ],
 [350.9953968 , -1.09677416, -0.07133869, 17.89863622, -0.95984966,
    0.24966109,  0.00482923],
 [351.08324966, -1.10794011, -0.07106653, 17.89601774, -0.96931498,
    0.2509562 ,  0.00483503],
 [351.17107854, -1.11912814, -0.07078762, 17.89335483, -0.97876915,
    0.25223929,  0.00484061],
 [351.25888329, -1.13033758, -0.07050204, 17.89064727, -0.98821113,
    0.25351027,  0.00484596],
 [351.34666377, -1.14156778, -0.07020982, 17.88789483, -0.99763985,
    0.25476909,  0.00485108],
 [351.43441986, -1.15281806, -0.06991105, 17.88509734, -1.00705427,
    0.25601569,  0.00485597],
 [351.5221514 , -1.16408777, -0.06960576, 17.88225458, -1.01645336,
    0.25724999,  0.00486065],
 [351.60985827, -1.17537624, -0.06929403, 17.87936639, -1.02583608,
    0.25847195,  0.0048651 ],
 [351.69754032, -1.18668283, -0.06897592, 17.87643259, -1.0352014 ,
    0.2596815 ,  0.00486934],
 [351.78519741, -1.19800685, -0.06865148, 17.87345301, -1.0445483 ,
    0.26087859,  0.00487335],
 [351.87282941, -1.20934767, -0.06832077, 17.87042751, -1.05387576,
    0.26206317,  0.00487715],
 [351.96043617, -1.22070461, -0.06798387, 17.86735594, -1.06318279,
    0.26323518,  0.00488074],
 [352.04801757, -1.23207703, -0.06764082, 17.86423816, -1.07246837,
    0.26439458,  0.00488411],
 [352.13557345, -1.24346426, -0.06729169, 17.86107406, -1.08173152,
    0.26554131,  0.00488726],
 [352.22310367, -1.25486565, -0.06693654, 17.85786352, -1.09097124,
    0.26667534,  0.00489021],
 [352.31060811, -1.26628055, -0.06657543, 17.85460644, -1.10018657,
    0.26779661,  0.00489295],
 [352.39808661, -1.2777083 , -0.06620843, 17.85130272, -1.10937651,
    0.26890509,  0.00489548],
 [352.48553904, -1.28914825, -0.0658356 , 17.84795228, -1.11854012,
    0.27000074,  0.0048978 ],
 [352.57296526, -1.30059974, -0.065457  , 17.84455505, -1.12767643,
    0.27108352,  0.00489992],
 [352.66036513, -1.31206213, -0.06507269, 17.84111097, -1.13678449,
    0.2721534 ,  0.00490183],
 [352.74773851, -1.32353478, -0.06468274, 17.83761999, -1.14586336,
    0.27321033,  0.00490355],
 [352.83508525, -1.33501702, -0.06428721, 17.83408205, -1.15491211,
    0.27425429,  0.00490506],
 [352.92240522, -1.34650822, -0.06388616, 17.83049714, -1.16392981,
    0.27528525,  0.00490638],
 [353.00969828, -1.35800774, -0.06347966, 17.82686523, -1.17291554,
    0.27630318,  0.00490749],
 [353.09696429, -1.36951492, -0.06306776, 17.82318632, -1.1818684 ,
    0.27730805,  0.00490842],
 [353.18420311, -1.38102913, -0.06265054, 17.8194604 , -1.19078748,
    0.27829983,  0.00490915],
 [353.2714146 , -1.39254973, -0.06222806, 17.81568748, -1.19967189,
    0.27927851,  0.00490968],
 [353.35859862, -1.40407608, -0.06180038, 17.8118676 , -1.20852074,
    0.28024407,  0.00491003],
 [353.44575503, -1.41560755, -0.06136756, 17.80800077, -1.21733317,
    0.28119648,  0.00491019],
 [353.53288369, -1.42714349, -0.06092968, 17.80408705, -1.22610829,
    0.28213572,  0.00491016],
 [353.61998446, -1.43868329, -0.06048679, 17.80012648, -1.23484527,
    0.28306179,  0.00490994],
 [353.70705721, -1.4502263 , -0.06003895, 17.79611914, -1.24354323,
    0.28397466,  0.00490954],
 [353.7941018 , -1.46177191, -0.05958624, 17.7920651 , -1.25220136,
    0.28487432,  0.00490896],
 [353.88111808, -1.47331948, -0.05912872, 17.78796445, -1.26081881,
    0.28576077,  0.0049082 ],
 [353.96810593, -1.48486839, -0.05866644, 17.78381728, -1.26939476,
    0.28663399,  0.00490726],
 [354.0550652 , -1.49641802, -0.05819949, 17.77962371, -1.27792841,
    0.28749397,  0.00490614],
 [354.14199576, -1.50796775, -0.05772791, 17.77538384, -1.28641895,
    0.28834071,  0.00490484],
 [354.22889747, -1.51951696, -0.05725178, 17.77109782, -1.29486558,
    0.28917421,  0.00490337],
 [354.31577019, -1.53106504, -0.05677117, 17.76676578, -1.30326752,
    0.28999446,  0.00490173],
 [354.40261379, -1.54261137, -0.05628612, 17.76238786, -1.31162401,
    0.29080147,  0.00489992],
 [354.48942814, -1.55415534, -0.05579672, 17.75796425, -1.31993427,
    0.29159522,  0.00489794],
 [354.5762131 , -1.56569635, -0.05530302, 17.7534951 , -1.32819755,
    0.29237573,  0.00489579],
 [354.66296853, -1.5772338 , -0.05480509, 17.74898059, -1.3364131 ,
    0.29314299,  0.00489347],
 [354.74969431, -1.58876707, -0.054303  , 17.74442093, -1.3445802 ,
    0.29389702,  0.00489099],
 [354.8363903 , -1.60029557, -0.0537968 , 17.73981632, -1.35269812,
    0.29463781,  0.00488835],
 [354.92305637, -1.6118187 , -0.05328657, 17.73516697, -1.36076614,
    0.29536539,  0.00488555],
 [355.00969238, -1.62333587, -0.05277236, 17.73047309, -1.36878355,
    0.29607975,  0.00488259],
 [355.09629821, -1.63484648, -0.05225425, 17.72573494, -1.37674968,
    0.29678091,  0.00487947],
 [355.18287373, -1.64634995, -0.0517323 , 17.72095276, -1.38466382,
    0.29746888,  0.00487619],
 [355.26941881, -1.65784569, -0.05120656, 17.71612679, -1.39252532,
    0.29814368,  0.00487276],
 [355.35593332, -1.66933312, -0.05067712, 17.71125731, -1.4003335 ,
    0.29880531,  0.00486918],
 [355.44241713, -1.68081165, -0.05014402, 17.70634459, -1.40808772,
    0.29945381,  0.00486545],
 [355.52887011, -1.69228072, -0.04960734, 17.70138891, -1.41578733,
    0.30008918,  0.00486157],
 [355.61529215, -1.70373974, -0.04906714, 17.69639058, -1.42343171,
    0.30071144,  0.00485754],
 [355.70168311, -1.71518815, -0.04852348, 17.6913499 , -1.43102022,
    0.30132063,  0.00485336],
 [355.78804288, -1.72662537, -0.04797643, 17.68626717, -1.43855227,
    0.30191675,  0.00484904],
 [355.87437132, -1.73805085, -0.04742605, 17.68114273, -1.44602726,
    0.30249983,  0.00484458],
 [355.96066832, -1.74946402, -0.04687241, 17.67597692, -1.45344459,
    0.30306991,  0.00483998],
 [356.04693376, -1.76086432, -0.04631557, 17.67077006, -1.46080369,
    0.303627  ,  0.00483524],
 [356.13316752, -1.7722512 , -0.04575558, 17.66552253, -1.468104  ,
    0.30417114,  0.00483036],
 [356.21936947, -1.78362411, -0.04519253, 17.66023467, -1.47534496,
    0.30470234,  0.00482534],
 [356.30553951, -1.7949825 , -0.04462646, 17.65490687, -1.48252602,
    0.30522065,  0.00482019],
 [356.39167751, -1.80632582, -0.04405745, 17.64953949, -1.48964665,
    0.3057261 ,  0.00481491],
 [356.47778336, -1.81765354, -0.04348555, 17.64413294, -1.49670633,
    0.30621871,  0.0048095 ],
 [356.56385695, -1.82896511, -0.04291083, 17.63868761, -1.50370455,
    0.30669853,  0.00480396],
 [356.64989816, -1.84026001, -0.04233335, 17.6332039 , -1.51064082,
    0.30716558,  0.00479829],
 [356.73590688, -1.85153769, -0.04175317, 17.62768223, -1.51751463,
    0.30761991,  0.0047925 ],
 [356.82188301, -1.86279764, -0.04117036, 17.62212303, -1.52432551,
    0.30806155,  0.00478658],
 [356.90782643, -1.87403933, -0.04058498, 17.61652672, -1.531073  ,
    0.30849054,  0.00478054],
 [356.99373704, -1.88526224, -0.03999709, 17.61089375, -1.53775665,
    0.30890692,  0.00477437],
 [357.07961472, -1.89646586, -0.03940675, 17.60522457, -1.544376  ,
    0.30931074,  0.00476809],
 [357.16545939, -1.90764967, -0.03881403, 17.59951963, -1.55093063,
    0.30970203,  0.0047617 ],
 [357.25127092, -1.91881317, -0.03821898, 17.59377939, -1.55742011,
    0.31008084,  0.00475518]]"
u1,"[[ 0.        , 0.04083327],
 [ 0.        , 0.04699867],
 [ 0.        , 0.0160404 ],
 [ 0.00000002, 0.00805313],
 [ 0.00000003, 0.0080571 ],
 [ 0.00000005, 0.00805835],
 [ 0.00000007, 0.00805846],
 [ 0.0000001 , 0.00805742],
 [ 0.00000013, 0.00805525],
 [ 0.00000016, 0.00805197],
 [ 0.00000019, 0.00804759],
 [ 0.00000023, 0.00804211],
 [ 0.00000028, 0.00803557],
 [ 0.00000033, 0.00802796],
 [ 0.00000039, 0.0080193 ],
 [ 0.00000046, 0.0080096 ],
 [ 0.00000055, 0.00799888],
 [ 0.00000064, 0.00798715],
 [ 0.00000075, 0.00797442],
 [ 0.00000088, 0.00796071],
 [ 0.00000104, 0.00794602],
 [ 0.00000121, 0.00793037],
 [ 0.00000142, 0.00791378],
 [ 0.00000166, 0.00789625],
 [ 0.00000195, 0.0078778 ],
 [ 0.00000227, 0.00785844],
 [ 0.00000266, 0.00783819],
 [ 0.0000031 , 0.00781706],
 [ 0.00000361, 0.00779505],
 [ 0.0000042 , 0.00777219],
 [ 0.00000488, 0.00774848],
 [ 0.00000566, 0.00772395],
 [ 0.00000655, 0.00769859],
 [ 0.00000757, 0.00767242],
 [ 0.00000873, 0.00764547],
 [ 0.00001004, 0.00761773],
 [ 0.00001153, 0.00758922],
 [ 0.00001321, 0.00755996],
 [ 0.0000151 , 0.00752995],
 [ 0.00001723, 0.00749921],
 [ 0.00001961, 0.00746775],
 [ 0.00002228, 0.00743559],
 [ 0.00002525, 0.00740272],
 [ 0.00002856, 0.00736918],
 [ 0.00003224, 0.00733497],
 [ 0.00003631, 0.0073001 ],
 [ 0.00004081, 0.00726458],
 [ 0.00004578, 0.00722843],
 [ 0.00005126, 0.00719166],
 [ 0.00005728, 0.00715428],
 [ 0.00006388, 0.0071163 ],
 [ 0.00007111, 0.00707773],
 [ 0.00007902, 0.00703859],
 [ 0.00008765, 0.00699888],
 [ 0.00009706, 0.00695863],
 [ 0.00010729, 0.00691783],
 [ 0.00011841, 0.00687651],
 [ 0.00013047, 0.00683467],
 [ 0.00014353, 0.00679232],
 [ 0.00015765, 0.00674948],
 [ 0.00017291, 0.00670616],
 [ 0.00018937, 0.00666237],
 [ 0.0002071 , 0.00661812],
 [ 0.00022617, 0.00657341],
 [ 0.00024667, 0.00652827],
 [ 0.00026866, 0.00648271],
 [ 0.00029224, 0.00643672],
 [ 0.00031748, 0.00639033],
 [ 0.00034449, 0.00634355],
 [ 0.00037333, 0.00629638],
 [ 0.00040412, 0.00624884],
 [ 0.00043695, 0.00620093],
 [ 0.00047191, 0.00615267],
 [ 0.0005091 , 0.00610407],
 [ 0.00054865, 0.00605514],
 [ 0.00059064, 0.00600589],
 [ 0.0006352 , 0.00595632],
 [ 0.00068244, 0.00590646],
 [ 0.00073247, 0.0058563 ],
 [ 0.00078542, 0.00580586],
 [ 0.00084141, 0.00575515],
 [ 0.00090057, 0.00570417],
 [ 0.00096301, 0.00565295],
 [ 0.00102889, 0.00560148],
 [ 0.00109833, 0.00554978],
 [ 0.00117146, 0.00549785],
 [ 0.00124844, 0.00544571],
 [ 0.0013294 , 0.00539336],
 [ 0.0014145 , 0.00534082],
 [ 0.00150387, 0.00528809],
 [ 0.00159768, 0.00523518],
 [ 0.00169608, 0.00518211],
 [ 0.00179922, 0.00512887],
 [ 0.00190727, 0.00507548],
 [ 0.00202039, 0.00502195],
 [ 0.00213874, 0.00496829],
 [ 0.0022625 , 0.0049145 ],
 [ 0.00239183, 0.00486059],
 [ 0.00252692, 0.00480657],
 [ 0.00266792, 0.00475245],
 [ 0.00281503, 0.00469824],
 [ 0.00296843, 0.00464395],
 [ 0.00312829, 0.00458958],
 [ 0.0032948 , 0.00453514],
 [ 0.00346815, 0.00448064],
 [ 0.00364853, 0.00442608],
 [ 0.00383613, 0.00437149],
 [ 0.00403114, 0.00431685],
 [ 0.00423376, 0.00426218],
 [ 0.00444419, 0.0042075 ],
 [ 0.00466263, 0.00415279],
 [ 0.00488927, 0.00409808],
 [ 0.00512432, 0.00404336],
 [ 0.00536799, 0.00398866],
 [ 0.00562047, 0.00393396],
 [ 0.00588198, 0.00387929],
 [ 0.00615273, 0.00382464],
 [ 0.00643291, 0.00377002],
 [ 0.00672276, 0.00371545],
 [ 0.00702247, 0.00366092],
 [ 0.00733225, 0.00360644],
 [ 0.00765233, 0.00355203],
 [ 0.00798292, 0.00349767],
 [ 0.00832424, 0.0034434 ],
 [ 0.00867649, 0.0033892 ],
 [ 0.0090399 , 0.00333508],
 [ 0.00941468, 0.00328105],
 [ 0.00980105, 0.00322712],
 [ 0.01019923, 0.00317329],
 [ 0.01060944, 0.00311957],
 [ 0.01103189, 0.00306596],
 [ 0.01146681, 0.00301247],
 [ 0.01191441, 0.00295911],
 [ 0.0123749 , 0.00290587],
 [ 0.01284852, 0.00285277],
 [ 0.01333547, 0.00279981],
 [ 0.01383597, 0.00274699],
 [ 0.01435024, 0.00269433],
 [ 0.01487849, 0.00264182],
 [ 0.01542094, 0.00258947],
 [ 0.0159778 , 0.00253728],
 [ 0.01654929, 0.00248527],
 [ 0.01713562, 0.00243343],
 [ 0.017737  , 0.00238177],
 [ 0.01835364, 0.00233029],
 [ 0.01898575, 0.002279  ],
 [ 0.01963353, 0.0022279 ],
 [ 0.02029719, 0.002177  ],
 [ 0.02097694, 0.0021263 ],
 [ 0.02167298, 0.00207581],
 [ 0.02238551, 0.00202552],
 [ 0.02311472, 0.00197545],
 [ 0.02386082, 0.0019256 ],
 [ 0.024624  , 0.00187596],
 [ 0.02540445, 0.00182655],
 [ 0.02620237, 0.00177737],
 [ 0.02701793, 0.00172842],
 [ 0.02785134, 0.00167971],
 [ 0.02870276, 0.00163124],
 [ 0.02957238, 0.00158301],
 [ 0.03046038, 0.00153502],
 [ 0.03136693, 0.00148729],
 [ 0.03229221, 0.0014398 ],
 [ 0.03323639, 0.00139257],
 [ 0.03419962, 0.0013456 ],
 [ 0.03518208, 0.0012989 ],
 [ 0.03618393, 0.00125245],
 [ 0.03720532, 0.00120628],
 [ 0.0382464 , 0.00116037],
 [ 0.03930733, 0.00111474],
 [ 0.04038825, 0.00106938],
 [ 0.0414893 , 0.0010243 ],
 [ 0.04261063, 0.0009795 ],
 [ 0.04375238, 0.00093499],
 [ 0.04491466, 0.00089076],
 [ 0.04609761, 0.00084681],
 [ 0.04730136, 0.00080316],
 [ 0.04852603, 0.0007598 ],
 [ 0.04977172, 0.00071674],
 [ 0.05103856, 0.00067397],
 [ 0.05232666, 0.0006315 ],
 [ 0.0536361 , 0.00058934],
 [ 0.05496701, 0.00054747],
 [ 0.05631946, 0.00050591],
 [ 0.05769355, 0.00046466],
 [ 0.05908938, 0.00042371],
 [ 0.06050701, 0.00038307],
 [ 0.06194653, 0.00034275],
 [ 0.06340801, 0.00030274],
 [ 0.06489152, 0.00026304],
 [ 0.06639713, 0.00022366],
 [ 0.06792488, 0.00018459],
 [ 0.06947484, 0.00014585],
 [ 0.07104706, 0.00010742],
 [ 0.07264157, 0.00006931],
 [ 0.07425843, 0.00003153],
 [ 0.07589766,-0.00000593],
 [ 0.0775593 ,-0.00004306],
 [ 0.07924337,-0.00007987],
 [ 0.08094989,-0.00011635],
 [ 0.08267887,-0.00015251],
 [ 0.08443034,-0.00018834],
 [ 0.08620428,-0.00022383],
 [ 0.08800071,-0.000259  ],
 [ 0.08981962,-0.00029384],
 [ 0.091661  ,-0.00032835],
 [ 0.09352483,-0.00036252],
 [ 0.09541109,-0.00039636],
 [ 0.09731976,-0.00042987],
 [ 0.09925082,-0.00046305],
 [ 0.10120422,-0.00049589],
 [ 0.10317992,-0.0005284 ],
 [ 0.10517788,-0.00056057],
 [ 0.10719806,-0.00059241],
 [ 0.10924038,-0.00062391],
 [ 0.11130481,-0.00065508],
 [ 0.11339126,-0.00068592],
 [ 0.11549967,-0.00071641],
 [ 0.11762996,-0.00074658],
 [ 0.11978205,-0.0007764 ],
 [ 0.12195587,-0.0008059 ],
 [ 0.12415131,-0.00083505],
 [ 0.12636828,-0.00086387],
 [ 0.12860668,-0.00089236],
 [ 0.13086642,-0.00092051],
 [ 0.13314736,-0.00094833],
 [ 0.13544941,-0.00097581],
 [ 0.13777245,-0.00100296],
 [ 0.14011634,-0.00102977],
 [ 0.14248096,-0.00105625],
 [ 0.14486618,-0.0010824 ],
 [ 0.14727185,-0.00110822],
 [ 0.14969784,-0.0011337 ],
 [ 0.15214399,-0.00115886],
 [ 0.15461015,-0.00118368],
 [ 0.15709618,-0.00120817],
 [ 0.15960189,-0.00123234],
 [ 0.16212714,-0.00125617],
 [ 0.16467175,-0.00127968],
 [ 0.16723554,-0.00130286]]"
x2,"[[421.  ,  0.  ,  0.  , 10.  ,  0.  ,  0.  ,  0.  ],
 [421.05,  0.  ,  0.  , 10.  ,  0.  ,  0.  ,  0.  ],
 [421.1 ,  0.  ,  0.  , 10.  ,  0.  ,  0.  ,  0.  ],
 [421.15,  0.  ,  0.  , 10.  ,  0.  ,  0.  ,  0.  ],
 [421.2 ,  0.  ,  0.  , 10.  ,  0.  ,  0.  ,  0.  ],
 [421.25,  0.  ,  0.  , 10.  ,  0.  ,  0.  ,  0.  ],
 [421.3 ,  0.  ,  0.  , 10.  ,  0.  ,  0.  ,  0.  ],
 [421.35,  0.  ,  0.  , 10.  ,  0.  ,  0.  ,  0.  ],
 [421.4 ,  0.  ,  0.  , 10.  ,  0.  ,  0.  ,  0.  ],
 [421.45,  0.  ,  0.  , 10.  ,  0.  ,  0.  ,  0.  ],
 [421.5 ,  0.  ,  0.  , 10.  ,  0.  ,  0.  ,  0.  ],
 [421.55,  0.  ,  0.  , 10.  ,  0.  ,  0.  ,  0.  ],
 [421.6 ,  0.  ,  0.  , 10.  ,  0.  ,  0.  ,  0.  ],
 [421.65,  0.  ,  0.  , 10.  ,  0.  ,  0.  ,  0.  ],
 [421.7 ,  0.  ,  0.  , 10.  ,  0.  ,  0.  ,  0.  ],
 [421.75,  0.  ,  0.  , 10.  ,  0.  ,  0.  ,  0.  ],
 [421.8 ,  0.  ,  0.  , 10.  ,  0.  ,  0.  ,  0.  ],
 [421.85,  0.  ,  0.  , 10.  ,  0.  ,  0.  ,  0.  ],
 [421.9 ,  0.  ,  0.  , 10.  ,  0.  ,  0.  ,  0.  ],
 [421.95,  0.  ,  0.  , 10.  ,  0.  ,  0.  ,  0.  ],
 [422.  ,  0.  ,  0.  , 10.  ,  0.  ,  0.  ,  0.  ],
 [422.05,  0.  ,  0.  , 10.  ,  0.  ,  0.  ,  0.  ],
 [422.1 ,  0.  ,  0.  , 10.  ,  0.  ,  0.  ,  0.  ],
 [422.15,  0.  ,  0.  , 10.  ,  0.  ,  0.  ,  0.  ],
 [422.2 ,  0.  ,  0.  , 10.  ,  0.  ,  0.  ,  0.  ],
 [422.25,  0.  ,  0.  , 10.  ,  0.  ,  0.  ,  0.  ],
 [422.3 ,  0.  ,  0.  , 10.  ,  0.  ,  0.  ,  0.  ],
 [422.35,  0.  ,  0.  , 10.  ,  0.  ,  0.  ,  0.  ],
 [422.4 ,  0.  ,  0.  , 10.  ,  0.  ,  0.  ,  0.  ],
 [422.45,  0.  ,  0.  , 10.  ,  0.  ,  0.  ,  0.  ],
 [422.5 ,  0.  ,  0.  , 10.  ,  0.  ,  0.  ,  0.  ],
 [422.55,  0.  ,  0.  , 10.  ,  0.  ,  0.  ,  0.  ],
 [422.6 ,  0.  ,  0.  , 10.  ,  0.  ,  0.  ,  0.  ],
 [422.65,  0.  ,  0.  , 10.  ,  0.  ,  0.  ,  0.  ],
 [422.7 ,  0.  ,  0.  , 10.  ,  0.  ,  0.  ,  0.  ],
 [422.75,  0.  ,  0.  , 10.  ,  0.  ,  0.  ,  0.  ],
 [422.8 ,  0.  ,  0.  , 10.  ,  0.  ,  0.  ,  0.  ],
 [422.85,  0.  ,  0.  , 10.  ,  0.  ,  0.  ,  0.  ],
 [422.9 ,  0.  ,  0.  , 10.  ,  0.  ,  0.  ,  0.  ],
 [422.95,  0.  ,  0.  , 10.  ,  0.  ,  0.  ,  0.  ],
 [423.  ,  0.  ,  0.  , 10.  ,  0.  ,  0.  ,  0.  ],
 [423.05,  0.  ,  0.  , 10.  ,  0.  ,  0.  ,  0.  ],
 [423.1 ,  0.  ,  0.  , 10.  ,  0.  ,  0.  ,  0.  ],
 [423.15,  0.  ,  0.  , 10.  ,  0.  ,  0.  ,  0.  ],
 [423.2 ,  0.  ,  0.  , 10.  ,  0.  ,  0.  ,  0.  ],
 [423.25,  0.  ,  0.  , 10.  ,  0.  ,  0.  ,  0.  ],
 [423.3 ,  0.  ,  0.  , 10.  ,  0.  ,  0.  ,  0.  ],
 [423.35,  0.  ,  0.  , 10.  ,  0.  ,  0.  ,  0.  ],
 [423.4 ,  0.  ,  0.  , 10.  ,  0.  ,  0.  ,  0.  ],
 [423.45,  0.  ,  0.  , 10.  ,  0.  ,  0.  ,  0.  ],
 [423.5 ,  0.  ,  0.  , 10.  ,  0.  ,  0.  ,  0.  ],
 [423.55,  0.  ,  0.  , 10.  ,  0.  ,  0.  ,  0.  ],
 [423.6 ,  0.  ,  0.  , 10.  ,  0.  ,  0.  ,  0.  ],
 [423.65,  0.  ,  0.  , 10.  ,  0.  ,  0.  ,  0.  ],
 [423.7 ,  0.  ,  0.  , 10.  ,  0.  ,  0.  ,  0.  ],
 [423.75,  0.  ,  0.  , 10.  ,  0.  ,  0.  ,  0.  ],
 [423.8 ,  0.  ,  0.  , 10.  ,  0.  ,  0.  ,  0.  ],
 [423.85,  0.  ,  0.  , 10.  ,  0.  ,  0.  ,  0.  ],
 [423.9 ,  0.  ,  0.  , 10.  ,  0.  ,  0.  ,  0.  ],
 [423.95,  0.  ,  0.  , 10.  ,  0.  ,  0.  ,  0.  ],
 [424.  ,  0.  ,  0.  , 10.  ,  0.  ,  0.  ,  0.  ],
 [424.05,  0.  ,  0.  , 10.  ,  0.  ,  0.  ,  0.  ],
 [424.1 ,  0.  ,  0.  , 10.  ,  0.  ,  0.  ,  0.  ],
 [424.15,  0.  ,  0.  , 10.  ,  0.  ,  0.  ,  0.  ],
 [424.2 ,  0.  ,  0.  , 10.  ,  0.  ,  0.  ,  0.  ],
 [424.25,  0.  ,  0.  , 10.  ,  0.  ,  0.  ,  0.  ],
 [424.3 ,  0.  ,  0.  , 10.  ,  0.  ,  0.  ,  0.  ],
 [424.35,  0.  ,  0.  , 10.  ,  0.  ,  0.  ,  0.  ],
 [424.4 ,  0.  ,  0.  , 10.  ,  0.  ,  0.  ,  0.  ],
 [424.45,  0.  ,  0.  , 10.  ,  0.  ,  0.  ,  0.  ],
 [424.5 ,  0.  ,  0.  , 10.  ,  0.  ,  0.  ,  0.  ],
 [424.55,  0.  ,  0.  , 10.  ,  0.  ,  0.  ,  0.  ],
 [424.6 ,  0.  ,  0.  , 10.  ,  0.  ,  0.  ,  0.  ],
 [424.65,  0.  ,  0.  , 10.  ,  0.  ,  0.  ,  0.  ],
 [424.7 ,  0.  ,  0.  , 10.  ,  0.  ,  0.  ,  0.  ],
 [424.75,  0.  ,  0.  , 10.  ,  0.  ,  0.  ,  0.  ],
 [424.8 ,  0.  ,  0.  , 10.  ,  0.  ,  0.  ,  0.  ],
 [424.85,  0.  ,  0.  , 10.  ,  0.  ,  0.  ,  0.  ],
 [424.9 ,  0.  ,  0.  , 10.  ,  0.  ,  0.  ,  0.  ],
 [424.95,  0.  ,  0.  , 10.  ,  0.  ,  0.  ,  0.  ],
 [425.  ,  0.  ,  0.  , 10.  ,  0.  ,  0.  ,  0.  ],
 [425.05,  0.  ,  0.  , 10.  ,  0.  ,  0.  ,  0.  ],
 [425.1 ,  0.  ,  0.  , 10.  ,  0.  ,  0.  ,  0.  ],
 [425.15,  0.  ,  0.  , 10.  ,  0.  ,  0.  ,  0.  ],
 [425.2 ,  0.  ,  0.  , 10.  ,  0.  ,  0.  ,  0.  ],
 [425.25,  0.  ,  0.  , 10.  ,  0.  ,  0.  ,  0.  ],
 [425.3 ,  0.  ,  0.  , 10.  ,  0.  ,  0.  ,  0.  ],
 [425.35,  0.  ,  0.  , 10.  ,  0.  ,  0.  ,  0.  ],
 [425.4 ,  0.  ,  0.  , 10.  ,  0.  ,  0.  ,  0.  ],
 [425.45,  0.  ,  0.  , 10.  ,  0.  ,  0.  ,  0.  ],
 [425.5 ,  0.  ,  0.  , 10.  ,  0.  ,  0.  ,  0.  ],
 [425.55,  0.  ,  0.  , 10.  ,  0.  ,  0.  ,  0.  ],
 [425.6 ,  0.  ,  0.  , 10.  ,  0.  ,  0.  ,  0.  ],
 [425.65,  0.  ,  0.  , 10.  ,  0.  ,  0.  ,  0.  ],
 [425.7 ,  0.  ,  0.  , 10.  ,  0.  ,  0.  ,  0.  ],
 [425.75,  0.  ,  0.  , 10.  ,  0.  ,  0.  ,  0.  ],
 [425.8 ,  0.  ,  0.  , 10.  ,  0.  ,  0.  ,  0.  ],
 [425.85,  0.  ,  0.  , 10.  ,  0.  ,  0.  ,  0.  ],
 [425.9 ,  0.  ,  0.  , 10.  ,  0.  ,  0.  ,  0.  ],
 [425.95,  0.  ,  0.  , 10.  ,  0.  ,  0.  ,  0.  ],
 [426.  ,  0.  ,  0.  , 10.  ,  0.  ,  0.  ,  0.  ],
 [426.05,  0.  ,  0.  , 10.  ,  0.  ,  0.  ,  0.  ],
 [426.1 ,  0.  ,  0.  , 10.  ,  0.  ,  0.  ,  0.  ],
 [426.15,  0.  ,  0.  , 10.  ,  0.  ,  0.  ,  0.  ],
 [426.2 ,  0.  ,  0.  , 10.  ,  0.  ,  0.  ,  0.  ],
 [426.25,  0.  ,  0.  , 10.  ,  0.  ,  0.  ,  0.  ],
 [426.3 ,  0.  ,  0.  , 10.  ,  0.  ,  0.  ,  0.  ],
 [426.35,  0.  ,  0.  , 10.  ,  0.  ,  0.  ,  0.  ],
 [426.4 ,  0.  ,  0.  , 10.  ,  0.  ,  0.  ,  0.  ],
 [426.45,  0.  ,  0.  , 10.  ,  0.  ,  0.  ,  0.  ],
 [426.5 ,  0.  ,  0.  , 10.  ,  0.  ,  0.  ,  0.  ],
 [426.55,  0.  ,  0.  , 10.  ,  0.  ,  0.  ,  0.  ],
 [426.6 ,  0.  ,  0.  , 10.  ,  0.  ,  0.  ,  0.  ],
 [426.65,  0.  ,  0.  , 10.  ,  0.  ,  0.  ,  0.  ],
 [426.7 ,  0.  ,  0.  , 10.  ,  0.  ,  0.  ,  0.  ],
 [426.75,  0.  ,  0.  , 10.  ,  0.  ,  0.  ,  0.  ],
 [426.8 ,  0.  ,  0.  , 10.  ,  0.  ,  0.  ,  0.  ],
 [426.85,  0.  ,  0.  , 10.  ,  0.  ,  0.  ,  0.  ],
 [426.9 ,  0.  ,  0.  , 10.  ,  0.  ,  0.  ,  0.  ],
 [426.95,  0.  ,  0.  , 10.  ,  0.  ,  0.  ,  0.  ],
 [427.  ,  0.  ,  0.  , 10.  ,  0.  ,  0.  ,  0.  ],
 [427.05,  0.  ,  0.  , 10.  ,  0.  ,  0.  ,  0.  ],
 [427.1 ,  0.  ,  0.  , 10.  ,  0.  ,  0.  ,  0.  ],
 [427.15,  0.  ,  0.  , 10.  ,  0.  ,  0.  ,  0.  ],
 [427.2 ,  0.  ,  0.  , 10.  ,  0.  ,  0.  ,  0.  ],
 [427.25,  0.  ,  0.  , 10.  ,  0.  ,  0.  ,  0.  ],
 [427.3 ,  0.  ,  0.  , 10.  ,  0.  ,  0.  ,  0.  ],
 [427.35,  0.  ,  0.  , 10.  ,  0.  ,  0.  ,  0.  ],
 [427.4 ,  0.  ,  0.  , 10.  ,  0.  ,  0.  ,  0.  ],
 [427.45,  0.  ,  0.  , 10.  ,  0.  ,  0.  ,  0.  ],
 [427.5 ,  0.  ,  0.  , 10.  ,  0.  ,  0.  ,  0.  ],
 [427.55,  0.  ,  0.  , 10.  ,  0.  ,  0.  ,  0.  ],
 [427.6 ,  0.  ,  0.  , 10.  ,  0.  ,  0.  ,  0.  ],
 [427.65,  0.  ,  0.  , 10.  ,  0.  ,  0.  ,  0.  ],
 [427.7 ,  0.  ,  0.  , 10.  ,  0.  ,  0.  ,  0.  ],
 [427.75,  0.  ,  0.  , 10.  ,  0.  ,  0.  ,  0.  ],
 [427.8 ,  0.  ,  0.  , 10.  ,  0.  ,  0.  ,  0.  ],
 [427.85,  0.  ,  0.  , 10.  ,  0.  ,  0.  ,  0.  ],
 [427.9 ,  0.  ,  0.  , 10.  ,  0.  ,  0.  ,  0.  ],
 [427.95,  0.  ,  0.  , 10.  ,  0.  ,  0.  ,  0.  ],
 [428.  ,  0.  ,  0.  , 10.  ,  0.  ,  0.  ,  0.  ],
 [428.05,  0.  ,  0.  , 10.  ,  0.  ,  0.  ,  0.  ],
 [428.1 ,  0.  ,  0.  , 10.  ,  0.  ,  0.  ,  0.  ],
 [428.15,  0.  ,  0.  , 10.  ,  0.  ,  0.  ,  0.  ],
 [428.2 ,  0.  ,  0.  , 10.  ,  0.  ,  0.  ,  0.  ],
 [428.25,  0.  ,  0.  , 10.  ,  0.  ,  0.  ,  0.  ],
 [428.3 ,  0.  ,  0.  , 10.  ,  0.  ,  0.  ,  0.  ],
 [428.35,  0.  ,  0.  , 10.  ,  0.  ,  0.  ,  0.  ],
 [428.4 ,  0.  ,  0.  , 10.  ,  0.  ,  0.  ,  0.  ],
 [428.45,  0.  ,  0.  , 10.  ,  0.  ,  0.  ,  0.  ],
 [428.5 ,  0.  ,  0.  , 10.  ,  0.  ,  0.  ,  0.  ],
 [428.55,  0.  ,  0.  , 10.  ,  0.  ,  0.  ,  0.  ],
 [428.6 ,  0.  ,  0.  , 10.  ,  0.  ,  0.  ,  0.  ],
 [428.65,  0.  ,  0.  , 10.  ,  0.  ,  0.  ,  0.  ],
 [428.7 ,  0.  ,  0.  , 10.  ,  0.  ,  0.  ,  0.  ],
 [428.75,  0.  ,  0.  , 10.  ,  0.  ,  0.  ,  0.  ],
 [428.8 ,  0.  ,  0.  , 10.  ,  0.  ,  0.  ,  0.  ],
 [428.85,  0.  ,  0.  , 10.  ,  0.  ,  0.  ,  0.  ],
 [428.9 ,  0.  ,  0.  , 10.  ,  0.  ,  0.  ,  0.  ],
 [428.95,  0.  ,  0.  , 10.  ,  0.  ,  0.  ,  0.  ],
 [429.  ,  0.  ,  0.  , 10.  ,  0.  ,  0.  ,  0.  ],
 [429.05,  0.  ,  0.  , 10.  ,  0.  ,  0.  ,  0.  ],
 [429.1 ,  0.  ,  0.  , 10.  ,  0.  ,  0.  ,  0.  ],
 [429.15,  0.  ,  0.  , 10.  ,  0.  ,  0.  ,  0.  ],
 [429.2 ,  0.  ,  0.  , 10.  ,  0.  ,  0.  ,  0.  ],
 [429.25,  0.  ,  0.  , 10.  ,  0.  ,  0.  ,  0.  ],
 [429.3 ,  0.  ,  0.  , 10.  ,  0.  ,  0.  ,  0.  ],
 [429.35,  0.  ,  0.  , 10.  ,  0.  ,  0.  ,  0.  ],
 [429.4 ,  0.  ,  0.  , 10.  ,  0.  ,  0.  ,  0.  ],
 [429.45,  0.  ,  0.  , 10.  ,  0.  ,  0.  ,  0.  ],
 [429.5 ,  0.  ,  0.  , 10.  ,  0.  ,  0.  ,  0.  ],
 [429.55,  0.  ,  0.  , 10.  ,  0.  ,  0.  ,  0.  ],
 [429.6 ,  0.  ,  0.  , 10.  ,  0.  ,  0.  ,  0.  ],
 [429.65,  0.  ,  0.  , 10.  ,  0.  ,  0.  ,  0.  ],
 [429.7 ,  0.  ,  0.  , 10.  ,  0.  ,  0.  ,  0.  ],
 [429.75,  0.  ,  0.  , 10.  ,  0.  ,  0.  ,  0.  ],
 [429.8 ,  0.  ,  0.  , 10.  ,  0.  ,  0.  ,  0.  ],
 [429.85,  0.  ,  0.  , 10.  ,  0.  ,  0.  ,  0.  ],
 [429.9 ,  0.  ,  0.  , 10.  ,  0.  ,  0.  ,  0.  ],
 [429.95,  0.  ,  0.  , 10.  ,  0.  ,  0.  ,  0.  ],
 [430.  ,  0.  ,  0.  , 10.  ,  0.  ,  0.  ,  0.  ],
 [430.05,  0.  ,  0.  , 10.  ,  0.  ,  0.  ,  0.  ],
 [430.1 ,  0.  ,  0.  , 10.  ,  0.  ,  0.  ,  0.  ],
 [430.15,  0.  ,  0.  , 10.  ,  0.  ,  0.  ,  0.  ],
 [430.2 ,  0.  ,  0.  , 10.  ,  0.  ,  0.  ,  0.  ],
 [430.25,  0.  ,  0.  , 10.  ,  0.  ,  0.  ,  0.  ],
 [430.3 ,  0.  ,  0.  , 10.  ,  0.  ,  0.  ,  0.  ],
 [430.35,  0.  ,  0.  , 10.  ,  0.  ,  0.  ,  0.  ],
 [430.4 ,  0.  ,  0.  , 10.  ,  0.  ,  0.  ,  0.  ],
 [430.45,  0.  ,  0.  , 10.  ,  0.  ,  0.  ,  0.  ],
 [430.5 ,  0.  ,  0.  , 10.  ,  0.  ,  0.  ,  0.  ],
 [430.55,  0.  ,  0.  , 10.  ,  0.  ,  0.  ,  0.  ],
 [430.6 ,  0.  ,  0.  , 10.  ,  0.  ,  0.  ,  0.  ],
 [430.65,  0.  ,  0.  , 10.  ,  0.  ,  0.  ,  0.  ],
 [430.7 ,  0.  ,  0.  , 10.  ,  0.  ,  0.  ,  0.  ],
 [430.75,  0.  ,  0.  , 10.  ,  0.  ,  0.  ,  0.  ],
 [430.8 ,  0.  ,  0.  , 10.  ,  0.  ,  0.  ,  0.  ],
 [430.85,  0.  ,  0.  , 10.  ,  0.  ,  0.  ,  0.  ],
 [430.9 ,  0.  ,  0.  , 10.  ,  0.  ,  0.  ,  0.  ],
 [430.95,  0.  ,  0.  , 10.  ,  0.  ,  0.  ,  0.  ],
 [431.  ,  0.  ,  0.  , 10.  ,  0.  ,  0.  ,  0.  ],
 [431.05,  0.  ,  0.  , 10.  ,  0.  ,  0.  ,  0.  ],
 [431.1 ,  0.  ,  0.  , 10.  ,  0.  ,  0.  ,  0.  ],
 [431.15,  0.  ,  0.  , 10.  ,  0.  ,  0.  ,  0.  ],
 [431.2 ,  0.  ,  0.  , 10.  ,  0.  ,  0.  ,  0.  ],
 [431.25,  0.  ,  0.  , 10.  ,  0.  ,  0.  ,  0.  ],
 [431.3 ,  0.  ,  0.  , 10.  ,  0.  ,  0.  ,  0.  ],
 [431.35,  0.  ,  0.  , 10.  ,  0.  ,  0.  ,  0.  ],
 [431.4 ,  0.  ,  0.  , 10.  ,  0.  ,  0.  ,  0.  ],
 [431.45,  0.  ,  0.  , 10.  ,  0.  ,  0.  ,  0.  ],
 [431.5 ,  0.  ,  0.  , 10.  ,  0.  ,  0.  ,  0.  ],
 [431.55,  0.  ,  0.  , 10.  ,  0.  ,  0.  ,  0.  ],
 [431.6 ,  0.  ,  0.  , 10.  ,  0.  ,  0.  ,  0.  ],
 [431.65,  0.  ,  0.  , 10.  ,  0.  ,  0.  ,  0.  ],
 [431.7 ,  0.  ,  0.  , 10.  ,  0.  ,  0.  ,  0.  ],
 [431.75,  0.  ,  0.  , 10.  ,  0.  ,  0.  ,  0.  ],
 [431.8 ,  0.  ,  0.  , 10.  ,  0.  ,  0.  ,  0.  ],
 [431.85,  0.  ,  0.  , 10.  ,  0.  ,  0.  ,  0.  ],
 [431.9 ,  0.  ,  0.  , 10.  ,  0.  ,  0.  ,  0.  ],
 [431.95,  0.  ,  0.  , 10.  ,  0.  ,  0.  ,  0.  ],
 [432.  ,  0.  ,  0.  , 10.  ,  0.  ,  0.  ,  0.  ],
 [432.05,  0.  ,  0.  , 10.  ,  0.  ,  0.  ,  0.  ],
 [432.1 ,  0.  ,  0.  , 10.  ,  0.  ,  0.  ,  0.  ],
 [432.15,  0.  ,  0.  , 10.  ,  0.  ,  0.  ,  0.  ],
 [432.2 ,  0.  ,  0.  , 10.  ,  0.  ,  0.  ,  0.  ],
 [432.25,  0.  ,  0.  , 10.  ,  0.  ,  0.  ,  0.  ],
 [432.3 ,  0.  ,  0.  , 10.  ,  0.  ,  0.  ,  0.  ],
 [432.35,  0.  ,  0.  , 10.  ,  0.  ,  0.  ,  0.  ],
 [432.4 ,  0.  ,  0.  , 10.  ,  0.  ,  0.  ,  0.  ],
 [432.45,  0.  ,  0.  , 10.  ,  0.  ,  0.  ,  0.  ],
 [432.5 ,  0.  ,  0.  , 10.  ,  0.  ,  0.  ,  0.  ],
 [432.55,  0.  ,  0.  , 10.  ,  0.  ,  0.  ,  0.  ],
 [432.6 ,  0.  ,  0.  , 10.  ,  0.  ,  0.  ,  0.  ],
 [432.65,  0.  ,  0.  , 10.  ,  0.  ,  0.  ,  0.  ],
 [432.7 ,  0.  ,  0.  , 10.  ,  0.  ,  0.  ,  0.  ],
 [432.75,  0.  ,  0.  , 10.  ,  0.  ,  0.  ,  0.  ],
 [432.8 ,  0.  ,  0.  , 10.  ,  0.  ,  0.  ,  0.  ],
 [432.85,  0.  ,  0.  , 10.  ,  0.  ,  0.  ,  0.  ],
 [432.9 ,  0.  ,  0.  , 10.  ,  0.  ,  0.  ,  0.  ],
 [432.95,  0.  ,  0.  , 10.  ,  0.  ,  0.  ,  0.  ],
 [433.  ,  0.  ,  0.  , 10.  ,  0.  ,  0.  ,  0.  ]]"
u2,"[[0.,0.],
 [0.,0.],
 [0.,0.],
 [0.,0.],
 [0.,0.],
 [0.,0.],
 [0.,0.],
 [0.,0.],
 [0.,0.],
 [0.,0.],
 [0.,0.],
 [0.,0.],
 [0.,0.],
 [0.,0.],
 [0.,0.],
 [0.,0.],
 [0.,0.],
 [0.,0.],
 [0.,0.],
 [0.,0.],
 [0.,0.],
 [0.,0.],
 [0.,0.],
 [0.,0.],
 [0.,0.],
 [0.,0.],
 [0.,0.],
 [0.,0.],
 [0.,0.],
 [0.,0.],
 [0.,0.],
 [0.,0.],
 [0.,0.],
 [0.,0.],
 [0.,0.],
 [0.,0.],
 [0.,0.],
 [0.,0.],
 [0.,0.],
 [0.,0.],
 [0.,0.],
 [0.,0.],
 [0.,0.],
 [0.,0.],
 [0.,0.],
 [0.,0.],
 [0.,0.],
 [0.,0.],
 [0.,0.],
 [0.,0.],
 [0.,0.],
 [0.,0.],
 [0.,0.],
 [0.,0.],
 [0.,0.],
 [0.,0.],
 [0.,0.],
 [0.,0.],
 [0.,0.],
 [0.,0.],
 [0.,0.],
 [0.,0.],
 [0.,0.],
 [0.,0.],
 [0.,0.],
 [0.,0.],
 [0.,0.],
 [0.,0.],
 [0.,0.],
 [0.,0.],
 [0.,0.],
 [0.,0.],
 [0.,0.],
 [0.,0.],
 [0.,0.],
 [0.,0.],
 [0.,0.],
 [0.,0.],
 [0.,0.],
 [0.,0.],
 [0.,0.],
 [0.,0.],
 [0.,0.],
 [0.,0.],
 [0.,0.],
 [0.,0.],
 [0.,0.],
 [0.,0.],
 [0.,0.],
 [0.,0.],
 [0.,0.],
 [0.,0.],
 [0.,0.],
 [0.,0.],
 [0.,0.],
 [0.,0.],
 [0.,0.],
 [0.,0.],
 [0.,0.],
 [0.,0.],
 [0.,0.],
 [0.,0.],
 [0.,0.],
 [0.,0.],
 [0.,0.],
 [0.,0.],
 [0.,0.],
 [0.,0.],
 [0.,0.],
 [0.,0.],
 [0.,0.],
 [0.,0.],
 [0.,0.],
 [0.,0.],
 [0.,0.],
 [0.,0.],
 [0.,0.],
 [0.,0.],
 [0.,0.],
 [0.,0.],
 [0.,0.],
 [0.,0.],
 [0.,0.],
 [0.,0.],
 [0.,0.],
 [0.,0.],
 [0.,0.],
 [0.,0.],
 [0.,0.],
 [0.,0.],
 [0.,0.],
 [0.,0.],
 [0.,0.],
 [0.,0.],
 [0.,0.],
 [0.,0.],
 [0.,0.],
 [0.,0.],
 [0.,0.],
 [0.,0.],
 [0.,0.],
 [0.,0.],
 [0.,0.],
 [0.,0.],
 [0.,0.],
 [0.,0.],
 [0.,0.],
 [0.,0.],
 [0.,0.],
 [0.,0.],
 [0.,0.],
 [0.,0.],
 [0.,0.],
 [0.,0.],
 [0.,0.],
 [0.,0.],
 [0.,0.],
 [0.,0.],
 [0.,0.],
 [0.,0.],
 [0.,0.],
 [0.,0.],
 [0.,0.],
 [0.,0.],
 [0.,0.],
 [0.,0.],
 [0.,0.],
 [0.,0.],
 [0.,0.],
 [0.,0.],
 [0.,0.],
 [0.,0.],
 [0.,0.],
 [0.,0.],
 [0.,0.],
 [0.,0.],
 [0.,0.],
 [0.,0.],
 [0.,0.],
 [0.,0.],
 [0.,0.],
 [0.,0.],
 [0.,0.],
 [0.,0.],
 [0.,0.],
 [0.,0.],
 [0.,0.],
 [0.,0.],
 [0.,0.],
 [0.,0.],
 [0.,0.],
 [0.,0.],
 [0.,0.],
 [0.,0.],
 [0.,0.],
 [0.,0.],
 [0.,0.],
 [0.,0.],
 [0.,0.],
 [0.,0.],
 [0.,0.],
 [0.,0.],
 [0.,0.],
 [0.,0.],
 [0.,0.],
 [0.,0.],
 [0.,0.],
 [0.,0.],
 [0.,0.],
 [0.,0.],
 [0.,0.],
 [0.,0.],
 [0.,0.],
 [0.,0.],
 [0.,0.],
 [0.,0.],
 [0.,0.],
 [0.,0.],
 [0.,0.],
 [0.,0.],
 [0.,0.],
 [0.,0.],
 [0.,0.],
 [0.,0.],
 [0.,0.],
 [0.,0.],
 [0.,0.],
 [0.,0.],
 [0.,0.],
 [0.,0.],
 [0.,0.],
 [0.,0.],
 [0.,0.],
 [0.,0.],
 [0.,0.],
 [0.,0.],
 [0.,0.],
 [0.,0.],
 [0.,0.],
 [0.,0.]]"
x3,"[[349.        ,  0.        ,  0.        , 10.        ,  0.        ,
    0.        ,  0.        ],
 [349.05      ,  0.        , -0.00055556, 10.        ,  0.        ,
    0.        ,  0.00020417],
 [349.09999999, -0.00002778, -0.00111111, 10.        ,  0.00002348,
    0.00019566,  0.00043916],
 [349.14999995, -0.00008322, -0.00166569,  9.99999997,  0.00006366,
    0.00061183,  0.00048372],
 [349.19999983, -0.00016618, -0.00221818,  9.99999995,  0.00008723,
    0.00106074,  0.00050607],
 [349.24999962, -0.00027665, -0.00276843,  9.99999992,  0.00009039,
    0.00152031,  0.0005284 ],
 [349.29999927, -0.00041462, -0.00331638,  9.99999989,  0.00007306,
    0.00199026,  0.00055069],
 [349.34999877, -0.00058008, -0.00386198,  9.99999986,  0.00003519,
    0.00247032,  0.00057295],
 [349.39999807, -0.000773  , -0.00440518,  9.99999982, -0.00002324,
    0.00296021,  0.00059518],
 [349.44999716, -0.00099337, -0.00494592,  9.99999979, -0.00010227,
    0.00345967,  0.00061736],
 [349.49999599, -0.00124118, -0.00548417,  9.99999974, -0.00020191,
    0.00396842,  0.00063951],
 [349.54999454, -0.0015164 , -0.00601986,  9.99999969, -0.00032214,
    0.00448621,  0.00066162],
 [349.59999278, -0.001819  , -0.00655297,  9.99999964, -0.00046296,
    0.00501278,  0.00068369],
 [349.64999068, -0.00214896, -0.00708344,  9.99999958, -0.00062432,
    0.00554788,  0.00070571],
 [349.69998821, -0.00250625, -0.00761123,  9.9999995 , -0.0008062 ,
    0.00609127,  0.00072768],
 [349.74998533, -0.00289084, -0.00813629,  9.99999942, -0.00100854,
    0.00664269,  0.00074961],
 [349.79998203, -0.00330269, -0.0086586 ,  9.99999932, -0.00123127,
    0.00720193,  0.0007715 ],
 [349.84997826, -0.00374177, -0.0091781 ,  9.9999992 , -0.00147433,
    0.00776873,  0.00079333],
 [349.89997401, -0.00420804, -0.00969477,  9.99999906, -0.00173762,
    0.00834287,  0.00081511],
 [349.94996923, -0.00470146, -0.01020855,  9.99999891, -0.00202106,
    0.00892414,  0.00083684],
 [349.99996391, -0.00522198, -0.01071943,  9.99999872, -0.00232455,
    0.0095123 ,  0.00085851],
 [350.049958  , -0.00576957, -0.01122736,  9.99999851, -0.00264797,
    0.01010714,  0.00088013],
 [350.09995149, -0.00634416, -0.01173231,  9.99999826, -0.00299121,
    0.01070845,  0.0009017 ],
 [350.14994434, -0.00694572, -0.01223424,  9.99999798, -0.00335414,
    0.01131602,  0.00092321],
 [350.19993652, -0.00757419, -0.01273313,  9.99999766, -0.00373662,
    0.01192965,  0.00094466],
 [350.24992801, -0.00822951, -0.01322894,  9.99999729, -0.00413853,
    0.01254913,  0.00096605],
 [350.29991878, -0.00891162, -0.01372165,  9.99999687, -0.0045597 ,
    0.01317426,  0.00098738],
 [350.3499088 , -0.00962048, -0.01421122,  9.99999639, -0.005     ,
    0.01380486,  0.00100864],
 [350.39989803, -0.01035602, -0.01469763,  9.99999585, -0.00545924,
    0.01444074,  0.00102985],
 [350.44988646, -0.01111816, -0.01518086,  9.99999525, -0.00593729,
    0.0150817 ,  0.001051  ],
 [350.49987404, -0.01190686, -0.01566087,  9.99999457, -0.00643395,
    0.01572757,  0.00107207],
 [350.54986077, -0.01272204, -0.01613764,  9.99999382, -0.00694906,
    0.01637817,  0.00109309],
 [350.5998466 , -0.01356362, -0.01661114,  9.99999298, -0.00748243,
    0.01703332,  0.00111404],
 [350.64983151, -0.01443155, -0.01708137,  9.99999204, -0.00803389,
    0.01769285,  0.00113492],
 [350.69981548, -0.01532574, -0.01754828,  9.99999101, -0.00860323,
    0.01835659,  0.00115574],
 [350.74979847, -0.01624612, -0.01801186,  9.99998987, -0.00919028,
    0.01902438,  0.00117648],
 [350.79978046, -0.0171926 , -0.0184721 ,  9.99998861, -0.00979482,
    0.01969605,  0.00119716],
 [350.84976142, -0.01816512, -0.01892896,  9.99998724, -0.01041667,
    0.02037144,  0.00121777],
 [350.89974132, -0.01916359, -0.01938243,  9.99998573, -0.01105562,
    0.0210504 ,  0.00123831],
 [350.94972015, -0.02018791, -0.0198325 ,  9.99998408, -0.01171145,
    0.02173278,  0.00125878],
 [350.99969786, -0.02123802, -0.02027915,  9.99998228, -0.01238396,
    0.02241842,  0.00127917],
 [351.04967444, -0.02231381, -0.02072235,  9.99998033, -0.01307295,
    0.02310719,  0.0012995 ],
 [351.09964987, -0.0234152 , -0.0211621 ,  9.99997821, -0.01377818,
    0.02379893,  0.00131975],
 [351.1496241 , -0.0245421 , -0.02159837,  9.99997591, -0.01449946,
    0.0244935 ,  0.00133993],
 [351.19959713, -0.02569441, -0.02203116,  9.99997343, -0.01523655,
    0.02519077,  0.00136003],
 [351.24956892, -0.02687204, -0.02246045,  9.99997075, -0.01598924,
    0.0258906 ,  0.00138006],
 [351.29953944, -0.0280749 , -0.02288622,  9.99996786, -0.01675731,
    0.02659286,  0.00140002],
 [351.34950868, -0.02930287, -0.02330847,  9.99996476, -0.01754053,
    0.02729743,  0.0014199 ],
 [351.39947661, -0.03055586, -0.02372718,  9.99996142, -0.01833867,
    0.02800416,  0.0014397 ],
 [351.44944321, -0.03183377, -0.02414235,  9.99995785, -0.01915152,
    0.02871294,  0.00145943],
 [351.49940844, -0.0331365 , -0.02455395,  9.99995403, -0.01997884,
    0.02942365,  0.00147909],
 [351.54937229, -0.03446393, -0.02496199,  9.99994994, -0.0208204 ,
    0.03013616,  0.00149866],
 [351.59933473, -0.03581596, -0.02536645,  9.99994558, -0.02167599,
    0.03085037,  0.00151816],
 [351.64929574, -0.03719249, -0.02576732,  9.99994094, -0.02254536,
    0.03156615,  0.00153759],
 [351.6992553 , -0.03859339, -0.02616459,  9.99993599, -0.02342829,
    0.03228339,  0.00155693],
 [351.74921338, -0.04001856, -0.02655826,  9.99993074, -0.02432455,
    0.03300199,  0.0015762 ],
 [351.79916996, -0.04146789, -0.02694833,  9.99992516, -0.02523391,
    0.03372183,  0.00159539],
 [351.84912501, -0.04294126, -0.02733477,  9.99991925, -0.02615614,
    0.03444282,  0.0016145 ],
 [351.89907852, -0.04443855, -0.0277176 ,  9.99991298, -0.027091  ,
    0.03516485,  0.00163353],
 [351.94903046, -0.04595964, -0.0280968 ,  9.99990636, -0.02803828,
    0.03588782,  0.00165248],
 [351.99898082, -0.04750442, -0.02847236,  9.99989936, -0.02899773,
    0.03661163,  0.00167136],
 [352.04892956, -0.04907276, -0.02884429,  9.99989197, -0.02996914,
    0.03733618,  0.00169015],
 [352.09887666, -0.05066454, -0.02921258,  9.99988417, -0.03095226,
    0.03806139,  0.00170886],
 [352.14882211, -0.05227964, -0.02957722,  9.99987596, -0.03194689,
    0.03878716,  0.0017275 ],
 [352.19876589, -0.05391793, -0.02993821,  9.99986732, -0.03295277,
    0.03951339,  0.00174606],
 [352.24870797, -0.05557929, -0.03029556,  9.99985824, -0.0339697 ,
    0.04024001,  0.00176453],
 [352.29864833, -0.05726359, -0.03064925,  9.9998487 , -0.03499744,
    0.04096693,  0.00178293],
 [352.34858696, -0.05897069, -0.03099929,  9.99983868, -0.03603577,
    0.04169406,  0.00180124],
 [352.39852382, -0.06070047, -0.03134567,  9.99982818, -0.03708447,
    0.04242132,  0.00181948],
 [352.44845891, -0.06245281, -0.0316884 ,  9.99981717, -0.0381433 ,
    0.04314863,  0.00183763],
 [352.4983922 , -0.06422755, -0.03202747,  9.99980565, -0.03921206,
    0.04387592,  0.00185571],
 [352.54832368, -0.06602458, -0.03236289,  9.99979359, -0.04029052,
    0.0446031 ,  0.0018737 ],
 [352.59825332, -0.06784376, -0.03269465,  9.99978099, -0.04137846,
    0.0453301 ,  0.00189162],
 [352.6481811 , -0.06968494, -0.03302275,  9.99976783, -0.04247566,
    0.04605685,  0.00190945],
 [352.69810702, -0.07154801, -0.0333472 ,  9.99975409, -0.0435819 ,
    0.04678328,  0.00192721],
 [352.74803104, -0.0734328 , -0.03366799,  9.99973976, -0.04469698,
    0.04750932,  0.00194488],
 [352.79795314, -0.0753392 , -0.03398514,  9.99972483, -0.04582068,
    0.0482349 ,  0.00196247],
 [352.84787332, -0.07726705, -0.03429863,  9.99970927, -0.04695278,
    0.04895996,  0.00197998],
 [352.89779156, -0.07921622, -0.03460848,  9.99969308, -0.04809307,
    0.04968442,  0.00199742],
 [352.94770783, -0.08118657, -0.03491468,  9.99967623, -0.04924135,
    0.05040824,  0.00201477],
 [352.99762212, -0.08317795, -0.03521724,  9.99965872, -0.0503974 ,
    0.05113134,  0.00203204],
 [353.04753441, -0.08519022, -0.03551617,  9.99964052, -0.05156103,
    0.05185366,  0.00204923],
 [353.09744468, -0.08722323, -0.03581146,  9.99962163, -0.05273202,
    0.05257516,  0.00206634],
 [353.14735292, -0.08927685, -0.03610312,  9.99960202, -0.05391018,
    0.05329576,  0.00208337],
 [353.19725912, -0.09135091, -0.03639115,  9.99958168, -0.05509531,
    0.05401542,  0.00210032],
 [353.24716325, -0.09344529, -0.03667556,  9.9995606 , -0.0562872 ,
    0.05473409,  0.0021172 ],
 [353.2970653 , -0.09555982, -0.03695636,  9.99953876, -0.05748566,
    0.0554517 ,  0.00213399],
 [353.34696525, -0.09769437, -0.03723355,  9.99951615, -0.0586905 ,
    0.05616821,  0.0021507 ],
 [353.39686309, -0.09984877, -0.03750713,  9.99949274, -0.05990151,
    0.05688356,  0.00216733],
 [353.4467588 , -0.10202289, -0.0377771 ,  9.99946853, -0.06111852,
    0.05759772,  0.00218389],
 [353.49665237, -0.10421657, -0.03804349,  9.9994435 , -0.06234132,
    0.05831063,  0.00220036],
 [353.54654379, -0.10642966, -0.03830629,  9.99941763, -0.06356974,
    0.05902224,  0.00221676],
 [353.59643303, -0.10866201, -0.0385655 ,  9.99939091, -0.06480359,
    0.05973251,  0.00223307],
 [353.64632008, -0.11091347, -0.03882114,  9.99936333, -0.06604268,
    0.0604414 ,  0.00224931],
 [353.69620494, -0.11318388, -0.03907321,  9.99933486, -0.06728683,
    0.06114887,  0.00226547],
 [353.74608758, -0.11547309, -0.03932171,  9.9993055 , -0.06853587,
    0.06185486,  0.00228155],
 [353.79596799, -0.11778095, -0.03956667,  9.99927522, -0.06978962,
    0.06255935,  0.00229755],
 [353.84584616, -0.12010729, -0.03980807,  9.99924402, -0.07104789,
    0.0632623 ,  0.00231347],
 [353.89572207, -0.12245198, -0.04004594,  9.99921187, -0.07231052,
    0.06396365,  0.00232932],
 [353.94559571, -0.12481485, -0.04028027,  9.99917877, -0.07357734,
    0.06466339,  0.00234509],
 [353.99546707, -0.12719574, -0.04051108,  9.9991447 , -0.07484818,
    0.06536147,  0.00236078],
 [354.04533614, -0.1295945 , -0.04073837,  9.99910964, -0.07612286,
    0.06605786,  0.00237639],
 [354.0952029 , -0.13201097, -0.04096216,  9.99907359, -0.07740123,
    0.06675253,  0.00239193],
 [354.14506734, -0.134445  , -0.04118244,  9.99903651, -0.07868313,
    0.06744543,  0.00240738],
 [354.19492945, -0.13689642, -0.04139924,  9.99899841, -0.07996838,
    0.06813655,  0.00242277],
 [354.24478922, -0.13936509, -0.04161256,  9.99895927, -0.08125684,
    0.06882584,  0.00243807],
 [354.29464663, -0.14185083, -0.0418224 ,  9.99891907, -0.08254833,
    0.06951329,  0.0024533 ],
 [354.34450168, -0.14435349, -0.04202878,  9.99887779, -0.08384273,
    0.07019885,  0.00246845],
 [354.39435434, -0.14687292, -0.0422317 ,  9.99883544, -0.08513985,
    0.07088251,  0.00248353],
 [354.44420462, -0.14940895, -0.04243118,  9.99879198, -0.08643957,
    0.07156423,  0.00249853],
 [354.4940525 , -0.15196143, -0.04262722,  9.99874741, -0.08774172,
    0.07224399,  0.00251346],
 [354.54389796, -0.15453019, -0.04281984,  9.99870171, -0.08904616,
    0.07292176,  0.00252831],
 [354.593741  , -0.15711507, -0.04300905,  9.99865488, -0.09035275,
    0.07359752,  0.00254309],
 [354.64358162, -0.15971592, -0.04319484,  9.99860689, -0.09166135,
    0.07427125,  0.00255779],
 [354.69341978, -0.16233257, -0.04337724,  9.99855773, -0.09297181,
    0.07494291,  0.00257242],
 [354.7432555 , -0.16496486, -0.04355626,  9.9985074 , -0.094284  ,
    0.0756125 ,  0.00258697],
 [354.79308876, -0.16761263, -0.0437319 ,  9.99845587, -0.09559777,
    0.07627998,  0.00260145],
 [354.84291954, -0.17027572, -0.04390418,  9.99840314, -0.096913  ,
    0.07694535,  0.00261585],
 [354.89274784, -0.17295397, -0.0440731 ,  9.9983492 , -0.09822955,
    0.07760856,  0.00263018],
 [354.94257365, -0.17564722, -0.04423867,  9.99829402, -0.09954729,
    0.07826962,  0.00264444],
 [354.99239696, -0.17835531, -0.04440092,  9.9982376 , -0.1008661 ,
    0.0789285 ,  0.00265863],
 [355.04221776, -0.18107806, -0.04455984,  9.99817993, -0.10218584,
    0.07958517,  0.00267274],
 [355.09203605, -0.18381534, -0.04471545,  9.99812099, -0.1035064 ,
    0.08023963,  0.00268678],
 [355.14185181, -0.18656696, -0.04486776,  9.99806078, -0.10482765,
    0.08089186,  0.00270075],
 [355.19166503, -0.18933277, -0.04501678,  9.99799927, -0.10614946,
    0.08154184,  0.00271465],
 [355.24147571, -0.19211261, -0.04516252,  9.99793647, -0.10747173,
    0.08218956,  0.00272847],
 [355.29128384, -0.19490631, -0.045305  ,  9.99787235, -0.10879433,
    0.08283499,  0.00274222],
 [355.34108941, -0.19771372, -0.04544422,  9.99780691, -0.11011714,
    0.08347814,  0.0027559 ],
 [355.39089242, -0.20053467, -0.0455802 ,  9.99774014, -0.11144007,
    0.08411897,  0.00276952],
 [355.44069285, -0.20336899, -0.04571294,  9.99767202, -0.11276299,
    0.08475749,  0.00278306],
 [355.4904907 , -0.20621654, -0.04584246,  9.99760255, -0.11408579,
    0.08539368,  0.00279653],
 [355.54028596, -0.20907714, -0.04596877,  9.99753172, -0.11540837,
    0.08602752,  0.00280993],
 [355.59007862, -0.21195063, -0.04609189,  9.9974595 , -0.11673062,
    0.08665901,  0.00282326],
 [355.63986868, -0.21483686, -0.04621182,  9.99738591, -0.11805244,
    0.08728813,  0.00283652],
 [355.68965613, -0.21773566, -0.04632857,  9.99731091, -0.11937373,
    0.08791487,  0.00284971],
 [355.73944097, -0.22064686, -0.04644216,  9.99723452, -0.12069438,
    0.08853923,  0.00286283],
 [355.78922318, -0.22357032, -0.0465526 ,  9.9971567 , -0.1220143 ,
    0.0891612 ,  0.00287589],
 [355.83900276, -0.22650585, -0.0466599 ,  9.99707747, -0.12333338,
    0.08978076,  0.00288887],
 [355.88877971, -0.22945332, -0.04676407,  9.9969968 , -0.12465155,
    0.09039791,  0.00290179],
 [355.93855401, -0.23241254, -0.04686513,  9.99691469, -0.12596869,
    0.09101264,  0.00291464],
 [355.98832567, -0.23538337, -0.04696309,  9.99683113, -0.12728473,
    0.09162494,  0.00292742],
 [356.03809467, -0.23836564, -0.04705795,  9.99674611, -0.12859956,
    0.0922348 ,  0.00294014],
 [356.08786102, -0.24135919, -0.04714974,  9.99665963, -0.12991311,
    0.09284223,  0.00295278],
 [356.1376247 , -0.24436386, -0.04723845,  9.99657167, -0.13122528,
    0.09344721,  0.00296536],
 [356.1873857 , -0.24737949, -0.04732412,  9.99648222, -0.13253599,
    0.09404973,  0.00297788],
 [356.23714404, -0.25040592, -0.04740674,  9.99639129, -0.13384516,
    0.09464979,  0.00299033],
 [356.28689969, -0.25344299, -0.04748633,  9.99629885, -0.1351527 ,
    0.0952474 ,  0.00300271],
 [356.33665266, -0.25649053, -0.04756291,  9.99620491, -0.13645853,
    0.09584253,  0.00301502],
 [356.38640294, -0.2595484 , -0.04763647,  9.99610946, -0.13776258,
    0.09643519,  0.00302727],
 [356.43615052, -0.26261643, -0.04770705,  9.99601249, -0.13906477,
    0.09702537,  0.00303946],
 [356.48589541, -0.26569446, -0.04777464,  9.99591399, -0.14036502,
    0.09761307,  0.00305158],
 [356.53563759, -0.26878233, -0.04783927,  9.99581395, -0.14166326,
    0.09819829,  0.00306363],
 [356.58537706, -0.27187989, -0.04790094,  9.99571238, -0.14295941,
    0.09878102,  0.00307563],
 [356.63511382, -0.27498697, -0.04795966,  9.99560926, -0.14425341,
    0.09936127,  0.00308755],
 [356.68484786, -0.27810342, -0.04801546,  9.99550459, -0.14554518,
    0.09993902,  0.00309942],
 [356.73457918, -0.28122908, -0.04806833,  9.99539836, -0.14683466,
    0.10051428,  0.00311121],
 [356.78430778, -0.28436379, -0.0481183 ,  9.99529057, -0.14812178,
    0.10108704,  0.00312295],
 [356.83403365, -0.28750739, -0.04816538,  9.99518121, -0.14940647,
    0.1016573 ,  0.00313462],
 [356.88375679, -0.29065974, -0.04820957,  9.99507027, -0.15068867,
    0.10222507,  0.00314623],
 [356.93347719, -0.29382066, -0.04825089,  9.99495776, -0.15196832,
    0.10279034,  0.00315778],
 [356.98319486, -0.29699001, -0.04828936,  9.99484366, -0.15324535,
    0.1033531 ,  0.00316926],
 [357.03290978, -0.30016763, -0.04832498,  9.99472797, -0.1545197 ,
    0.10391337,  0.00318069],
 [357.08262196, -0.30335336, -0.04835777,  9.99461069, -0.15579133,
    0.10447114,  0.00319205],
 [357.13233139, -0.30654705, -0.04838774,  9.99449181, -0.15706016,
    0.10502641,  0.00320335],
 [357.18203807, -0.30974855, -0.04841491,  9.99437133, -0.15832614,
    0.10557917,  0.00321459],
 [357.231742  , -0.31295769, -0.04843928,  9.99424925, -0.15958922,
    0.10612944,  0.00322576],
 [357.28144316, -0.31617432, -0.04846087,  9.99412555, -0.16084934,
    0.10667721,  0.00323688],
 [357.33114157, -0.3193983 , -0.04847968,  9.99400025, -0.16210646,
    0.10722248,  0.00324793],
 [357.38083722, -0.32262946, -0.04849575,  9.99387332, -0.16336051,
    0.10776526,  0.00325893],
 [357.43053011, -0.32586765, -0.04850906,  9.99374478, -0.16461145,
    0.10830554,  0.00326986],
 [357.48022023, -0.32911273, -0.04851965,  9.99361462, -0.16585924,
    0.10884332,  0.00328074],
 [357.52990758, -0.33236453, -0.04852751,  9.99348282, -0.16710381,
    0.10937861,  0.00329155],
 [357.57959216, -0.33562291, -0.04853267,  9.99334941, -0.16834513,
    0.10991142,  0.00330231],
 [357.62927396, -0.33888771, -0.04853513,  9.99321436, -0.16958316,
    0.11044173,  0.003313  ],
 [357.67895299, -0.34215878, -0.04853491,  9.99307768, -0.17081783,
    0.11096956,  0.00332364],
 [357.72862925, -0.34543598, -0.04853202,  9.99293936, -0.17204912,
    0.11149491,  0.00333422],
 [357.77830273, -0.34871915, -0.04852648,  9.99279941, -0.17327698,
    0.11201777,  0.00334474],
 [357.82797342, -0.35200814, -0.04851829,  9.99265782, -0.17450137,
    0.11253816,  0.0033552 ],
 [357.87764134, -0.3553028 , -0.04850746,  9.99251459, -0.17572225,
    0.11305607,  0.0033656 ],
 [357.92730647, -0.35860299, -0.04849401,  9.99236972, -0.17693958,
    0.11357151,  0.00337595],
 [357.97696882, -0.36190855, -0.04847796,  9.9922232 , -0.17815331,
    0.11408448,  0.00338624],
 [358.02662839, -0.36521933, -0.04845931,  9.99207505, -0.17936343,
    0.11459499,  0.00339647],
 [358.07628516, -0.36853519, -0.04843808,  9.99192524, -0.18056988,
    0.11510303,  0.00340664],
 [358.12593915, -0.37185599, -0.04841427,  9.9917738 , -0.18177263,
    0.11560861,  0.00341676],
 [358.17559035, -0.37518156, -0.04838791,  9.99162071, -0.18297165,
    0.11611174,  0.00342682],
 [358.22523876, -0.37851178, -0.048359  ,  9.99146597, -0.1841669 ,
    0.11661242,  0.00343682],
 [358.27488438, -0.38184648, -0.04832756,  9.99130958, -0.18535836,
    0.11711064,  0.00344676],
 [358.32452721, -0.38518553, -0.04829359,  9.99115155, -0.18654599,
    0.11760643,  0.00345665],
 [358.37416724, -0.38852877, -0.04825712,  9.99099188, -0.18772976,
    0.11809977,  0.00346649],
 [358.42380448, -0.39187608, -0.04821814,  9.99083056, -0.18890964,
    0.11859068,  0.00347627],
 [358.47343893, -0.39522729, -0.04817668,  9.99066759, -0.1900856 ,
    0.11907916,  0.00348599],
 [358.52307059, -0.39858227, -0.04813275,  9.99050298, -0.19125761,
    0.11956521,  0.00349566],
 [358.57269945, -0.40194087, -0.04808635,  9.99033672, -0.19242565,
    0.12004884,  0.00350527],
 [358.62232551, -0.40530296, -0.04803751,  9.99016882, -0.19358969,
    0.12053004,  0.00351483],
 [358.67194878, -0.40866838, -0.04798623,  9.98999928, -0.1947497 ,
    0.12100884,  0.00352433],
 [358.72156926, -0.412037  , -0.04793252,  9.9898281 , -0.19590566,
    0.12148522,  0.00353378],
 [358.77118694, -0.41540868, -0.04787641,  9.98965528, -0.19705754,
    0.12195921,  0.00354317],
 [358.82080182, -0.41878327, -0.04781789,  9.98948082, -0.19820533,
    0.12243079,  0.00355251],
 [358.87041391, -0.42216063, -0.04775698,  9.98930473, -0.19934899,
    0.12289997,  0.00356179],
 [358.9200232 , -0.42554063, -0.04769369,  9.989127  , -0.20048851,
    0.12336677,  0.00357102],
 [358.9696297 , -0.42892312, -0.04762804,  9.98894764, -0.20162387,
    0.12383118,  0.0035802 ],
 [359.0192334 , -0.43230797, -0.04756004,  9.98876665, -0.20275504,
    0.12429321,  0.00358932],
 [359.06883431, -0.43569503, -0.04748969,  9.98858403, -0.20388201,
    0.12475287,  0.0035984 ],
 [359.11843242, -0.43908417, -0.04741702,  9.98839979, -0.20500475,
    0.12521015,  0.00360741],
 [359.16802774, -0.44247526, -0.04734203,  9.98821392, -0.20612325,
    0.12566507,  0.00361638],
 [359.21762027, -0.44586815, -0.04726473,  9.98802643, -0.20723749,
    0.12611763,  0.00362529],
 [359.26721   , -0.44926271, -0.04718514,  9.98783733, -0.20834745,
    0.12656783,  0.00363415],
 [359.31679694, -0.4526588 , -0.04710327,  9.98764661, -0.20945311,
    0.12701569,  0.00364295],
 [359.36638108, -0.45605629, -0.04701912,  9.98745428, -0.21055447,
    0.1274612 ,  0.00365171],
 [359.41596244, -0.45945504, -0.04693272,  9.98726034, -0.2116515 ,
    0.12790437,  0.00366041],
 [359.465541  , -0.46285491, -0.04684407,  9.9870648 , -0.21274419,
    0.12834521,  0.00366906],
 [359.51511678, -0.46625579, -0.04675319,  9.98686765, -0.21383253,
    0.12878372,  0.00367765],
 [359.56468977, -0.46965752, -0.04666008,  9.98666891, -0.2149165 ,
    0.1292199 ,  0.0036862 ],
 [359.61425996, -0.47305998, -0.04656476,  9.98646858, -0.21599608,
    0.12965377,  0.00369469],
 [359.66382737, -0.47646304, -0.04646724,  9.98626665, -0.21707128,
    0.13008532,  0.00370314],
 [359.713392  , -0.47986656, -0.04636753,  9.98606314, -0.21814206,
    0.13051457,  0.00371153],
 [359.76295384, -0.48327041, -0.04626565,  9.98585805, -0.21920843,
    0.13094152,  0.00371987],
 [359.81251289, -0.48667447, -0.0461616 ,  9.98565138, -0.22027037,
    0.13136616,  0.00372816],
 [359.86206917, -0.4900786 , -0.04605539,  9.98544313, -0.22132788,
    0.13178852,  0.0037364 ],
 [359.91162266, -0.49348267, -0.04594704,  9.98523332, -0.22238093,
    0.13220859,  0.00374458],
 [359.96117337, -0.49688655, -0.04583656,  9.98502194, -0.22342953,
    0.13262638,  0.00375272],
 [360.0107213 , -0.50029012, -0.04572396,  9.984809  , -0.22447366,
    0.1330419 ,  0.00376081],
 [360.06026646, -0.50369325, -0.04560925,  9.98459451, -0.22551331,
    0.13345515,  0.00376885],
 [360.10980884, -0.5070958 , -0.04549245,  9.98437847, -0.22654848,
    0.13386613,  0.00377683],
 [360.15934844, -0.51049766, -0.04537356,  9.98416088, -0.22757916,
    0.13427485,  0.00378477],
 [360.20888527, -0.51389869, -0.04525259,  9.98394176, -0.22860534,
    0.13468132,  0.00379265],
 [360.25841933, -0.51729877, -0.04512957,  9.9837211 , -0.22962701,
    0.13508554,  0.00380049],
 [360.30795062, -0.52069778, -0.04500449,  9.98349891, -0.23064417,
    0.13548752,  0.00380828],
 [360.35747914, -0.52409558, -0.04487737,  9.9832752 , -0.23165682,
    0.13588726,  0.00381601],
 [360.40700489, -0.52749207, -0.04474822,  9.98304997, -0.23266494,
    0.13628477,  0.0038237 ],
 [360.45652788, -0.5308871 , -0.04461705,  9.98282323, -0.23366853,
    0.13668005,  0.00383134],
 [360.5060481 , -0.53428056, -0.04448387,  9.98259498, -0.23466759,
    0.13707311,  0.00383893],
 [360.55556557, -0.53767233, -0.0443487 ,  9.98236523, -0.2356621 ,
    0.13746395,  0.00384647],
 [360.60508027, -0.54106228, -0.04421154,  9.98213399, -0.23665208,
    0.13785258,  0.00385396],
 [360.65459222, -0.54445029, -0.04407241,  9.98190125, -0.23763751,
    0.13823901,  0.0038614 ],
 [360.70410141, -0.54783625, -0.04393132,  9.98166704, -0.23861839,
    0.13862324,  0.00386879],
 [360.75360784, -0.55122002, -0.04378828,  9.98143135, -0.23959472,
    0.13900527,  0.00387614],
 [360.80311153, -0.5546015 , -0.04364329,  9.98119419, -0.24056649,
    0.13938511,  0.00388343],
 [360.85261246, -0.55798055, -0.04349637,  9.98095557, -0.2415337 ,
    0.13976276,  0.00389068],
 [360.90211065, -0.56135707, -0.04334754,  9.98071549, -0.24249635,
    0.14013824,  0.00389788],
 [360.95160609, -0.56473093, -0.0431968 ,  9.98047396, -0.24345445,
    0.14051153,  0.00390503]]"
u3,"[[0.        ,0.04083327],
 [0.        ,0.04699867],
 [0.        ,0.00891133],
 [0.00000002,0.00447048],
 [0.00000003,0.00446532],
 [0.00000005,0.00445892],
 [0.00000006,0.00445215],
 [0.00000008,0.00444502],
 [0.00000009,0.00443754],
 [0.00000011,0.00442973],
 [0.00000014,0.00442159],
 [0.00000016,0.00441314],
 [0.00000018,0.00440437],
 [0.00000021,0.0043953 ],
 [0.00000024,0.00438594],
 [0.00000028,0.0043763 ],
 [0.00000032,0.00436638],
 [0.00000036,0.0043562 ],
 [0.00000041,0.00434575],
 [0.00000047,0.00433506],
 [0.00000053,0.00432412],
 [0.0000006 ,0.00431295],
 [0.00000068,0.00430155],
 [0.00000076,0.00428992],
 [0.00000086,0.00427808],
 [0.00000097,0.00426604],
 [0.00000109,0.0042538 ],
 [0.00000123,0.00424136],
 [0.00000139,0.00422873],
 [0.00000156,0.00421592],
 [0.00000175,0.00420294],
 [0.00000197,0.0041898 ],
 [0.0000022 ,0.00417648],
 [0.00000247,0.00416302],
 [0.00000276,0.0041494 ],
 [0.00000308,0.00413564],
 [0.00000343,0.00412174],
 [0.00000382,0.0041077 ],
 [0.00000425,0.00409354],
 [0.00000471,0.00407925],
 [0.00000522,0.00406485],
 [0.00000578,0.00405033],
 [0.00000639,0.0040357 ],
 [0.00000704,0.00402097],
 [0.00000776,0.00400614],
 [0.00000854,0.00399122],
 [0.00000938,0.00397621],
 [0.00001028,0.00396111],
 [0.00001126,0.00394593],
 [0.00001232,0.00393067],
 [0.00001345,0.00391534],
 [0.00001467,0.00389995],
 [0.00001597,0.00388448],
 [0.00001737,0.00386896],
 [0.00001887,0.00385338],
 [0.00002046,0.00383774],
 [0.00002217,0.00382205],
 [0.00002398,0.00380632],
 [0.00002592,0.00379054],
 [0.00002797,0.00377473],
 [0.00003016,0.00375887],
 [0.00003247,0.00374298],
 [0.00003493,0.00372707],
 [0.00003752,0.00371112],
 [0.00004027,0.00369515],
 [0.00004317,0.00367915],
 [0.00004624,0.00366314],
 [0.00004947,0.00364711],
 [0.00005287,0.00363106],
 [0.00005645,0.00361501],
 [0.00006022,0.00359894],
 [0.00006418,0.00358287],
 [0.00006834,0.00356679],
 [0.0000727 ,0.00355071],
 [0.00007727,0.00353464],
 [0.00008206,0.00351856],
 [0.00008708,0.00350249],
 [0.00009232,0.00348642],
 [0.0000978 ,0.00347037],
 [0.00010353,0.00345432],
 [0.00010951,0.00343829],
 [0.00011574,0.00342227],
 [0.00012224,0.00340626],
 [0.00012901,0.00339028],
 [0.00013606,0.00337431],
 [0.0001434 ,0.00335836],
 [0.00015103,0.00334244],
 [0.00015895,0.00332654],
 [0.00016719,0.00331066],
 [0.00017574,0.00329481],
 [0.00018461,0.00327899],
 [0.00019381,0.0032632 ],
 [0.00020334,0.00324744],
 [0.00021322,0.00323172],
 [0.00022345,0.00321602],
 [0.00023403,0.00320036],
 [0.00024498,0.00318473],
 [0.0002563 ,0.00316914],
 [0.000268  ,0.00315359],
 [0.00028008,0.00313808],
 [0.00029256,0.00312261],
 [0.00030544,0.00310717],
 [0.00031873,0.00309178],
 [0.00033243,0.00307643],
 [0.00034655,0.00306112],
 [0.0003611 ,0.00304586],
 [0.00037609,0.00303064],
 [0.00039152,0.00301546],
 [0.0004074 ,0.00300033],
 [0.00042374,0.00298525],
 [0.00044054,0.00297021],
 [0.00045782,0.00295523],
 [0.00047557,0.00294029],
 [0.0004938 ,0.00292539],
 [0.00051253,0.00291055],
 [0.00053175,0.00289576],
 [0.00055149,0.00288102],
 [0.00057173,0.00286632],
 [0.00059249,0.00285168],
 [0.00061377,0.00283709],
 [0.00063559,0.00282255],
 [0.00065794,0.00280806],
 [0.00068084,0.00279363],
 [0.00070429,0.00277924],
 [0.0007283 ,0.00276491],
 [0.00075287,0.00275064],
 [0.00077801,0.00273641],
 [0.00080372,0.00272224],
 [0.00083001,0.00270812],
 [0.0008569 ,0.00269406],
 [0.00088437,0.00268004],
 [0.00091244,0.00266609],
 [0.00094112,0.00265218],
 [0.00097041,0.00263833],
 [0.00100032,0.00262454],
 [0.00103084,0.00261079],
 [0.00106199,0.00259711],
 [0.00109378,0.00258347],
 [0.0011262 ,0.00256989],
 [0.00115926,0.00255637],
 [0.00119298,0.00254289],
 [0.00122734,0.00252947],
 [0.00126236,0.00251611],
 [0.00129805,0.0025028 ],
 [0.0013344 ,0.00248954],
 [0.00137142,0.00247633],
 [0.00140912,0.00246318],
 [0.00144751,0.00245008],
 [0.00148657,0.00243704],
 [0.00152633,0.00242404],
 [0.00156678,0.0024111 ],
 [0.00160793,0.00239822],
 [0.00164978,0.00238538],
 [0.00169234,0.0023726 ],
 [0.00173561,0.00235986],
 [0.00177959,0.00234718],
 [0.00182429,0.00233455],
 [0.00186971,0.00232197],
 [0.00191586,0.00230945],
 [0.00196273,0.00229697],
 [0.00201034,0.00228454],
 [0.00205868,0.00227217],
 [0.00210776,0.00225984],
 [0.00215758,0.00224756],
 [0.00220814,0.00223533],
 [0.00225945,0.00222315],
 [0.00231151,0.00221102],
 [0.00236433,0.00219894],
 [0.0024179 ,0.0021869 ],
 [0.00247223,0.00217491],
 [0.00252731,0.00216297],
 [0.00258316,0.00215108],
 [0.00263978,0.00213923],
 [0.00269716,0.00212742],
 [0.00275531,0.00211567],
 [0.00281424,0.00210396],
 [0.00287393,0.00209229],
 [0.0029344 ,0.00208067],
 [0.00299565,0.00206909],
 [0.00305768,0.00205756],
 [0.00312048,0.00204607],
 [0.00318407,0.00203462],
 [0.00324844,0.00202321],
 [0.00331359,0.00201185],
 [0.00337953,0.00200053],
 [0.00344626,0.00198925],
 [0.00351377,0.00197801],
 [0.00358207,0.00196681],
 [0.00365116,0.00195566],
 [0.00372104,0.00194454],
 [0.00379172,0.00193346],
 [0.00386318,0.00192242],
 [0.00393543,0.00191142],
 [0.00400848,0.00190046],
 [0.00408232,0.00188953],
 [0.00415695,0.00187864],
 [0.00423238,0.00186779],
 [0.0043086 ,0.00185698],
 [0.00438561,0.0018462 ],
 [0.00446342,0.00183546],
 [0.00454202,0.00182475],
 [0.00462141,0.00181408],
 [0.0047016 ,0.00180344],
 [0.00478257,0.00179283],
 [0.00486434,0.00178226],
 [0.00494691,0.00177172],
 [0.00503026,0.00176122],
 [0.0051144 ,0.00175074],
 [0.00519934,0.0017403 ],
 [0.00528506,0.00172989],
 [0.00537157,0.00171951],
 [0.00545887,0.00170917],
 [0.00554696,0.00169885],
 [0.00563583,0.00168856],
 [0.00572548,0.0016783 ],
 [0.00581592,0.00166807],
 [0.00590714,0.00165787],
 [0.00599914,0.00164769],
 [0.00609192,0.00163755],
 [0.00618547,0.00162743],
 [0.00627981,0.00161734],
 [0.00637491,0.00160727],
 [0.00647079,0.00159723],
 [0.00656745,0.00158722],
 [0.00666487,0.00157723],
 [0.00676306,0.00156726],
 [0.00686201,0.00155732],
 [0.00696173,0.00154741],
 [0.00706221,0.00153751],
 [0.00716345,0.00152765],
 [0.00726544,0.0015178 ],
 [0.0073682 ,0.00150798],
 [0.0074717 ,0.00149817],
 [0.00757596,0.00148839],
 [0.00768097,0.00147864],
 [0.00778672,0.0014689 ],
 [0.00789321,0.00145918],
 [0.00800045,0.00144948],
 [0.00810842,0.00143981],
 [0.00821714,0.00143015]]"
